date,Lyman_alpha,au_factor,Lyman_alpha_corr
2006-07-04,0.006585,1.033726,0.006807085709999999
2006-07-05,0.006513,1.033738,0.006732735594
2006-07-06,0.006426,1.033739,0.0066428068140000004
2006-07-07,0.006533,1.03373,0.00675335809
2006-07-08,0.006335,1.033711,0.006548559185
2006-07-09,0.006209,1.033681,0.006418125329
2006-07-10,0.006211,1.03364,0.00641993804
2006-07-11,0.006186,1.03359,0.006393787739999999
2006-07-12,0.006198,1.033529,0.006405812742
2006-07-13,0.006193,1.033457,0.006400199201
2006-07-14,0.006249,1.033376,0.006457566624000001
2006-07-29,0.006384,1.030941,0.006581527344000001
2006-07-30,0.006404,1.0307,0.0066006028
2006-07-31,0.006375,1.03045,0.00656911875
2006-08-01,0.006358,1.030191,0.006549954378
2006-08-02,0.006309,1.029922,0.0064977778980000005
2006-08-03,0.006155,1.029645,0.006337464974999999
2006-08-04,0.006118,1.029358,0.006297612244
2006-08-05,0.006044,1.029063,0.006219656772
2006-08-06,0.00602,1.028759,0.00619312918
2006-08-07,0.006062,1.028446,0.006234439652
2006-08-08,0.00617,1.028124,0.006343525080000001
2006-08-09,0.006216,1.027794,0.006388767504000001
2006-08-10,0.006327,1.027455,0.006500707785
2006-08-11,0.006352,1.027108,0.006524190015999999
2006-08-12,0.006358,1.026753,0.006528095574
2006-08-13,0.006305,1.02639,0.0064713889499999995
2006-08-14,0.006308,1.026019,0.006472127852
2006-08-15,0.006287,1.02564,0.00644819868
2006-08-16,0.006411,1.025254,0.006572903394000001
2006-08-17,0.006351,1.024859,0.006508879509
2006-08-18,0.006396,1.024458,0.006552433368
2006-08-19,0.006395,1.024049,0.006548793355
2006-08-20,0.006401,1.023633,0.006552274833
2006-08-21,0.006441,1.02321,0.006590495609999999
2006-08-22,0.006436,1.02278,0.00658261208
2006-08-23,0.006434,1.022343,0.006577754862
2006-09-01,0.006159,1.018133,0.006270681147
2006-09-02,0.006094,1.017637,0.006201479877999999
2006-09-03,0.006126,1.017136,0.006230975136000001
2006-09-04,0.006192,1.01663,0.006294972959999999
2006-09-05,0.006304,1.016119,0.006405614176
2006-09-06,0.006472,1.015604,0.006572989088
2006-09-07,0.006623,1.015084,0.006722901332000001
2006-09-08,0.006703,1.014559,0.006800588977
2006-09-09,0.006777,1.014031,0.006872088086999999
2006-09-10,0.006817,1.013499,0.006909022682999999
2006-09-11,0.006806,1.012963,0.006894226178000001
2006-09-12,0.006761,1.012423,0.006844991903
2006-09-13,0.006703,1.01188,0.006782631639999999
2006-09-14,0.006631,1.011334,0.006706155754
2006-09-15,0.006489,1.010784,0.006558977375999999
2006-09-16,0.006453,1.010232,0.006519027096000001
2006-09-17,0.006439,1.009676,0.006501303764
2006-09-18,0.006441,1.009119,0.006499735479000001
2006-09-19,0.006474,1.008558,0.006529404492000001
2006-09-21,0.006491,1.007432,0.006539241112000001
2006-09-22,0.006516,1.006865,0.006560732339999999
2006-09-23,0.006459,1.006297,0.006499672323000001
2006-09-24,0.006395,1.005727,0.006431624165
2006-09-25,0.006384,1.005156,0.0064169159039999995
2006-09-26,0.006316,1.004584,0.006344952544
2006-09-27,0.006237,1.00401,0.00626201037
2006-09-28,0.006153,1.003436,0.006174141708
2006-09-29,0.006244,1.002861,0.006261864084
2006-09-30,0.006306,1.002286,0.006320415516
2006-10-01,0.006384,1.00171,0.0063949166400000005
2006-10-02,0.00648,1.001134,0.006487348319999999
2006-10-03,0.006584,1.000558,0.006587673872
2006-10-04,0.006638,0.999982,0.006637880516
2006-10-05,0.006714,0.999407,0.006710018598000001
2006-10-06,0.006757,0.998832,0.006749107824
2006-10-07,0.00675,0.998258,0.0067382415
2006-10-08,0.006743,0.997684,0.006727383212
2006-10-09,0.006718,0.997112,0.006698598416
2006-10-10,0.006632,0.996541,0.006609059912
2006-10-11,0.006477,0.995971,0.006450904167
2006-11-10,0.006602,0.980282,0.006471821764
2006-11-11,0.006634,0.97983,0.00650019222
2006-11-12,0.006715,0.979385,0.006576570275
2006-11-13,0.00679,0.978945,0.00664703655
2006-11-14,0.006811,0.978512,0.006664645232
2006-11-15,0.006816,0.978085,0.00666662736
2006-11-17,0.0068,0.977251,0.0066453067999999995
2006-11-18,0.006802,0.976844,0.006644492888
2006-11-19,0.006744,0.976443,0.0065851315919999995
2006-11-20,0.0066,0.97605,0.006441929999999999
2006-11-21,0.00647,0.975664,0.00631254608
2006-12-04,0.006545,0.971325,0.006357322124999999
2006-12-05,0.006648,0.971047,0.006455520456
2007-07-17,0.00671,1.033069,0.00693189299
2007-07-20,0.006127,1.032671,0.006327175216999999
2007-07-21,0.005864,1.032518,0.006054685552
2007-07-22,0.005891,1.032355,0.006081603305
2007-07-23,0.005903,1.032183,0.006092976249000001
2007-07-24,0.005839,1.032,0.0060258479999999994
2007-07-25,0.005901,1.031807,0.006088693106999999
2007-07-26,0.005954,1.031605,0.006142176170000001
2007-07-27,0.005994,1.031393,0.006182169642
2007-07-28,0.006047,1.031172,0.006235497084
2007-07-29,0.00606,1.030941,0.006247502460000001
2007-07-30,0.006079,1.0307,0.0062656253
2007-07-31,0.006049,1.03045,0.00623319205
2007-08-01,0.006029,1.030191,0.006211021539
2007-08-02,0.005962,1.029922,0.006140394964
2007-08-03,0.005963,1.029645,0.006139773135
2007-08-04,0.005978,1.029358,0.0061535021239999994
2007-08-05,0.005951,1.029063,0.006123953913
2007-08-06,0.005976,1.028759,0.006147863784
2007-08-07,0.00597,1.028446,0.00613982262
2007-08-08,0.005974,1.028124,0.006142012776
2007-08-09,0.005933,1.027794,0.0060979018020000005
2007-08-10,0.005933,1.027455,0.006095890515
2007-08-11,0.005943,1.027108,0.006104102844
2007-08-12,0.005971,1.026753,0.006130742163
2007-08-13,0.006004,1.02639,0.006162445559999999
2007-08-14,0.005985,1.026019,0.006140723715
2007-08-15,0.005795,1.02564,0.005943583800000001
2008-01-01,0.006236,0.966862,0.0060293514320000005
2008-02-26,0.006287,0.979272,0.006156683064
2008-02-27,0.006269,0.979716,0.006141839604000001
2008-02-28,0.006252,0.980166,0.006127997832
2008-02-29,0.006296,0.980622,0.006173996112000001
2008-03-01,0.006295,0.981084,0.00617592378
2008-03-02,0.006345,0.981552,0.00622794744
2008-03-03,0.006325,0.982025,0.006211308125
2008-03-04,0.006312,0.982503,0.006201558936
2008-03-05,0.006299,0.982987,0.0061918351130000005
2008-03-06,0.006326,0.983477,0.006221475502
2008-03-07,0.006207,0.983971,0.006107507997
2008-03-08,0.005906,0.98447,0.00581427982
2008-03-09,0.0059,0.984973,0.0058113407
2008-03-10,0.005918,0.985482,0.0058320824759999996
2008-03-11,0.005889,0.985995,0.0058065245549999995
2008-03-12,0.0059,0.986512,0.005820420799999999
2008-03-13,0.005923,0.987034,0.005846202382
2008-03-14,0.005949,0.987559,0.0058749884910000005
2008-03-15,0.005956,0.988088,0.005885052128
2008-03-16,0.005969,0.988622,0.005901084718000001
2008-03-17,0.006006,0.989158,0.005940882948
2008-03-18,0.005991,0.989699,0.005929286709
2008-03-19,0.00597,0.990242,0.00591174474
2008-03-20,0.005984,0.990789,0.005928881376
2008-03-21,0.006051,0.991339,0.005998592289
2008-03-22,0.006129,0.991891,0.006079299939
2008-03-23,0.006155,0.992446,0.0061085051300000005
2008-03-24,0.006223,0.993004,0.006179463892
2008-03-25,0.006276,0.993564,0.006235607664000001
2008-03-26,0.006335,0.994126,0.00629778821
2008-03-27,0.006421,0.994691,0.006386910910999999
2008-03-28,0.006471,0.995257,0.006440308047
2008-03-29,0.006519,0.995825,0.006491783174999999
2008-03-30,0.006497,0.996395,0.006473578315000001
2008-03-31,0.006467,0.996965,0.006447372654999999
2008-04-01,0.006407,0.997538,0.006391225966000001
2008-04-02,0.006309,0.998111,0.006297082299
2008-04-03,0.006226,0.998685,0.00621781281
2008-04-04,0.006166,0.99926,0.00616143716
2008-04-15,0.006104,1.005581,0.006138066424
2008-04-16,0.006123,1.006151,0.006160662573
2008-04-17,0.006132,1.00672,0.006173207040000001
2008-07-29,0.005746,1.0307,0.0059224022
2008-07-30,0.006048,1.03045,0.006232161600000001
2008-08-04,0.005794,1.029063,0.005962391022
2008-08-05,0.005842,1.028759,0.006010010078
2008-08-06,0.005861,1.028446,0.006027722006
2008-08-07,0.005865,1.028124,0.006029947260000001
2008-08-08,0.005866,1.027794,0.006029039604
2008-08-09,0.005873,1.027455,0.0060342432149999995
2008-08-10,0.005889,1.027108,0.006048639012
2008-08-11,0.005864,1.026753,0.006020879592
2008-08-12,0.005872,1.02639,0.006026962079999999
2008-08-13,0.005964,1.026019,0.0061191773159999996
2008-08-14,0.006169,1.02564,0.00632717316
2008-08-15,0.006196,1.025254,0.006352473784000001
2008-08-16,0.00621,1.024859,0.00636437439
2008-08-17,0.006184,1.024458,0.006335248272000001
2008-08-18,0.006183,1.024049,0.006331694967
2008-08-19,0.006206,1.023633,0.006352666398
2008-08-20,0.006185,1.02321,0.00632855385
2008-08-21,0.006201,1.02278,0.00634225878
2008-08-28,0.005801,1.019589,0.0059146357890000004
2008-08-29,0.005762,1.01911,0.0058721118199999995
2008-08-30,0.005775,1.018624,0.0058825536
2008-08-31,0.005806,1.018133,0.005911280198
2008-09-01,0.005788,1.017637,0.005890082955999999
2008-09-02,0.005799,1.017136,0.005898371664
2008-09-03,0.005834,1.01663,0.005931019419999999
2008-09-04,0.005834,1.016119,0.005928038246
2008-09-05,0.005837,1.015604,0.005928080548
2008-09-06,0.005845,1.015084,0.005933165980000001
2008-09-07,0.005852,1.014559,0.0059371992680000004
2008-09-08,0.005861,1.014031,0.005943235690999999
2008-09-09,0.005849,1.013499,0.005927955651
2008-09-10,0.005853,1.012963,0.005928872439
2008-09-11,0.005827,1.012423,0.005899388821
2008-09-12,0.005813,1.01188,0.005882058439999999
2008-09-13,0.0058,1.011334,0.005865737199999999
2008-09-14,0.005802,1.010784,0.005864568767999999
2008-09-15,0.005805,1.010232,0.0058643967600000005
2008-09-16,0.00583,1.009676,0.00588641108
2008-09-17,0.005822,1.009119,0.0058750908180000005
2008-09-18,0.00582,1.008558,0.00586980756
2008-09-19,0.005816,1.007996,0.005862504735999999
2008-09-20,0.005819,1.007432,0.005862246808000001
2008-09-21,0.005829,1.006865,0.0058690160849999996
2008-09-22,0.005876,1.006297,0.005913001172
2008-09-23,0.005908,1.005727,0.005941835116
2008-09-24,0.005913,1.005156,0.005943487427999999
2008-09-25,0.005918,1.004584,0.005945128112
2008-09-26,0.005866,1.00401,0.00588952266
2008-09-27,0.00584,1.003436,0.00586006624
2008-09-28,0.005833,1.002861,0.005849688213
2008-09-29,0.005826,1.002286,0.0058393182359999995
2008-09-30,0.005842,1.00171,0.00585198982
2008-10-01,0.005832,1.001134,0.005838613488
2008-10-02,0.005854,1.000558,0.005857266532
2008-10-03,0.005856,0.999982,0.005855894592000001
2008-10-04,0.005853,0.999407,0.005849529171
2008-10-05,0.005879,0.998832,0.005872133328
2008-10-06,0.005894,0.998258,0.005883732652
2008-10-07,0.005839,0.997684,0.0058254768759999995
2008-10-08,0.005868,0.997112,0.005851053216
2008-10-09,0.005892,0.996541,0.005871619572
2008-10-10,0.005905,0.995971,0.005881208755
2008-10-11,0.005931,0.995402,0.005903729262
2008-10-12,0.005947,0.994836,0.005916289692000001
2008-10-13,0.006003,0.994271,0.005968608813
2008-10-14,0.006006,0.993708,0.005968210248000001
2008-10-15,0.005983,0.993147,0.005941998501
2008-10-16,0.006019,0.992589,0.005974393191
2008-10-17,0.00596,0.992033,0.00591251668
2008-10-18,0.005932,0.99148,0.00588145936
2008-10-19,0.005929,0.990929,0.005875218041
2008-10-20,0.005945,0.990382,0.00588782099
2008-10-21,0.005949,0.989837,0.005888540313
2008-10-22,0.005935,0.989296,0.00587147176
2008-10-23,0.005912,0.988759,0.005845543208
2008-10-24,0.005906,0.988225,0.0058364568499999995
2008-10-25,0.005913,0.987694,0.005840234622
2008-10-26,0.005896,0.987168,0.0058203425280000005
2008-10-27,0.005888,0.986645,0.00580936576
2008-10-28,0.005916,0.986127,0.0058339273320000004
2008-10-29,0.005894,0.985613,0.005809203022
2008-10-30,0.005936,0.985103,0.005847571408
2008-10-31,0.005959,0.984598,0.005867219482
2008-11-01,0.005962,0.984098,0.005867192276000001
2008-11-02,0.005954,0.983603,0.005856372262
2008-11-03,0.005945,0.983112,0.005844600839999999
2008-11-04,0.005958,0.982627,0.005854491666
2008-11-05,0.005924,0.982147,0.005818238827999999
2008-11-06,0.00595,0.981672,0.0058409484000000005
2008-11-07,0.005965,0.981203,0.005852875895
2008-11-08,0.005996,0.98074,0.005880517039999999
2008-11-09,0.006009,0.980282,0.005890514538
2008-11-10,0.005999,0.97983,0.00587800017
2008-11-11,0.006067,0.979385,0.005941928795
2008-11-12,0.006056,0.978945,0.00592849092
2008-11-13,0.006032,0.978512,0.005902384384
2008-11-14,0.006004,0.978085,0.00587242234
2008-11-15,0.005989,0.977664,0.005855229696000001
2008-11-16,0.005948,0.977251,0.005812688948
2008-11-17,0.005951,0.976844,0.005813198644
2008-11-18,0.005922,0.976443,0.005782495446
2008-11-19,0.005994,0.97605,0.0058504437
2008-11-20,0.0062,0.975664,0.0060491168
2008-11-21,0.006169,0.975284,0.006016526996
2008-11-22,0.006193,0.974912,0.0060376300159999995
2008-11-23,0.006234,0.974548,0.006075332232
2008-11-24,0.006232,0.974191,0.006071158312
2008-11-25,0.006235,0.973841,0.006071898635
2008-11-26,0.006245,0.973499,0.006079501255
2008-11-27,0.006276,0.973165,0.00610758354
2008-11-28,0.006218,0.972838,0.006049106683999999
2008-11-29,0.006195,0.972519,0.006024755205
2008-11-30,0.006225,0.972209,0.006052001025
2008-12-01,0.006253,0.971906,0.006077328218
2008-12-02,0.006223,0.971611,0.006046335253
2008-12-03,0.006172,0.971325,0.0059950179
2008-12-04,0.005962,0.971047,0.005789382214
2008-12-05,0.005993,0.970777,0.0058178665610000005
2008-12-06,0.005985,0.970516,0.00580853826
2008-12-07,0.005958,0.970263,0.005780826954
2008-12-08,0.005945,0.970018,0.00576675701
2008-12-09,0.005946,0.969783,0.0057663297179999995
2008-12-10,0.00595,0.969555,0.00576885225
2008-12-11,0.005916,0.969337,0.005734597692
2008-12-12,0.00597,0.969127,0.005785688189999999
2008-12-13,0.005964,0.968927,0.005778680628
2008-12-14,0.005935,0.968735,0.005749442225
2008-12-15,0.00594,0.968552,0.00575319888
2008-12-16,0.005974,0.968378,0.005785090172
2008-12-17,0.005977,0.968213,0.005787009100999999
2008-12-18,0.005975,0.968057,0.005784140575
2008-12-19,0.005996,0.96791,0.00580358836
2008-12-20,0.00599,0.967773,0.005796960269999999
2008-12-21,0.005983,0.967644,0.0057894140519999995
2008-12-22,0.005942,0.967525,0.00574903355
2008-12-30,0.006044,0.966905,0.00584397382
2008-12-31,0.006,0.96687,0.00580122
2009-01-05,0.006009,0.966825,0.0058096514249999995
2009-01-06,0.006007,0.966839,0.005807801873
2009-01-07,0.005997,0.966862,0.005798271414
2009-01-08,0.005981,0.966895,0.005782998995
2009-01-09,0.006008,0.966938,0.005809363504
2009-01-10,0.006043,0.966989,0.005843514526999999
2009-01-11,0.006051,0.96705,0.00585161955
2009-01-12,0.00606,0.967121,0.0058607532600000005
2009-01-13,0.006063,0.967201,0.0058641396629999995
2009-01-14,0.00607,0.96729,0.0058714503
2009-01-15,0.006088,0.967388,0.005889458144
2009-01-16,0.006082,0.967496,0.005884310672
2009-01-17,0.006122,0.967613,0.005923726785999999
2009-01-18,0.00611,0.967739,0.00591288529
2009-01-19,0.006097,0.967874,0.005901127778
2009-01-20,0.006111,0.968019,0.005915564109
2009-01-21,0.006091,0.968172,0.005897135652
2009-01-22,0.006064,0.968335,0.00587198344
2009-01-23,0.006065,0.968506,0.00587398889
2009-01-24,0.006055,0.968687,0.005865399784999999
2009-01-25,0.006075,0.968877,0.005885927775
2009-01-26,0.006062,0.969075,0.00587453265
2009-01-27,0.006038,0.969283,0.005852530754
2009-01-28,0.006069,0.969499,0.005883889430999999
2009-01-29,0.006038,0.969724,0.005855193512
2009-01-30,0.006043,0.969957,0.005861450151
2009-01-31,0.006068,0.970199,0.005887167532
2009-02-01,0.006083,0.97045,0.00590324735
2009-02-02,0.006097,0.970709,0.0059184127730000004
2009-02-03,0.006101,0.970977,0.0059239306769999995
2009-02-04,0.006098,0.971253,0.005922700794000001
2009-02-05,0.006121,0.971537,0.0059467779769999994
2009-02-06,0.006129,0.97183,0.00595634607
2009-02-07,0.006153,0.97213,0.00598151589
2009-02-08,0.006128,0.972439,0.005959106192
2009-02-09,0.006116,0.972756,0.005949375696
2009-02-11,0.006098,0.973413,0.005935872474
2009-02-12,0.006103,0.973753,0.005942814559
2009-02-13,0.006096,0.9741,0.005938113599999999
2009-02-14,0.006113,0.974456,0.005956849528000001
2009-02-15,0.00611,0.974818,0.00595613798
2009-02-16,0.006139,0.975188,0.005986679132
2009-02-17,0.00613,0.975566,0.0059802195800000004
2009-02-18,0.006118,0.97595,0.0059708621
2009-02-19,0.006098,0.976342,0.005953733516000001
2009-02-20,0.006104,0.97674,0.005962020960000001
2009-02-21,0.006097,0.977146,0.005957659162
2009-02-22,0.006093,0.977558,0.0059562608940000004
2009-02-23,0.006089,0.977977,0.0059549019529999995
2009-02-24,0.006096,0.978402,0.005964338592
2009-02-25,0.006097,0.978834,0.0059679508979999995
2009-02-26,0.006048,0.979272,0.005922637056
2009-02-27,0.006055,0.979716,0.00593218038
2009-02-28,0.006101,0.980166,0.0059799927659999995
2009-03-01,0.006101,0.980622,0.005982774822
2009-03-02,0.006115,0.981084,0.00599932866
2009-03-03,0.006133,0.981552,0.006019858416
2009-03-04,0.006134,0.982025,0.00602374135
2009-03-05,0.006163,0.982503,0.006055165989
2009-03-06,0.006158,0.982987,0.0060532339460000004
2009-03-07,0.006139,0.983477,0.006037565303000001
2009-03-08,0.006187,0.983971,0.006087828577
2009-03-09,0.006163,0.98447,0.00606728861
2009-03-10,0.006158,0.984973,0.006065463734
2009-03-11,0.006147,0.985482,0.006057757854
2009-03-12,0.006141,0.985995,0.006054995295
2009-03-13,0.006146,0.986512,0.006063102752
2009-03-14,0.006159,0.987034,0.006079142406
2009-03-15,0.006165,0.987559,0.006088301235
2009-03-16,0.006175,0.988088,0.0061014434
2009-03-17,0.006164,0.988622,0.006093866008
2009-03-18,0.006162,0.989158,0.006095191596
2009-03-19,0.006154,0.989699,0.006090607646
2009-03-20,0.006155,0.990242,0.0060949395099999994
2009-03-21,0.006196,0.990789,0.006138928644
2009-03-22,0.006228,0.991339,0.006174059292
2009-03-23,0.00622,0.991891,0.00616956202
2009-03-24,0.006213,0.992446,0.006166066998
2009-03-25,0.006197,0.993004,0.0061536457880000004
2009-03-26,0.006141,0.993564,0.006101476523999999
2009-03-27,0.006186,0.994126,0.006149663436
2009-03-28,0.00618,0.994691,0.00614719038
2009-03-29,0.006191,0.995257,0.006161636087
2009-03-30,0.0062,0.995825,0.006174114999999999
2009-03-31,0.006208,0.996395,0.00618562016
2009-04-01,0.00622,0.996965,0.0062011222999999996
2009-04-02,0.006205,0.997538,0.00618972329
2009-04-03,0.006186,0.998111,0.006174314645999999
2009-04-04,0.006194,0.998685,0.00618585489
2009-04-05,0.006229,0.99926,0.00622439054
2009-04-06,0.006235,0.999835,0.006233971225
2009-04-07,0.006223,1.000411,0.006225557653
2009-04-08,0.006189,1.000987,0.006195108543
2009-04-09,0.006162,1.001563,0.0061716312059999995
2009-04-10,0.006152,1.002138,0.006165152976000001
2009-04-11,0.00617,1.002714,0.006186745380000001
2009-04-12,0.006176,1.003289,0.006196312864000001
2009-04-13,0.006151,1.003863,0.006174761313
2009-04-14,0.006177,1.004437,0.006204407349
2009-04-15,0.006164,1.00501,0.00619488164
2009-04-16,0.006165,1.005581,0.006199406865000001
2010-04-05,0.006239,0.99926,0.00623438314
2010-04-06,0.006284,0.999835,0.00628296314
2011-02-09,0.006912,0.972756,0.0067236894719999996
2011-02-10,0.006957,0.97308,0.006769717559999999
2011-02-11,0.006979,0.973413,0.006793449327
2011-02-12,0.007111,0.973753,0.006924357583
2011-02-13,0.007246,0.9741,0.007058328599999999
2011-02-14,0.007323,0.974456,0.0071359412879999995
2011-02-15,0.007368,0.974818,0.007182459024
2011-02-16,0.007347,0.975188,0.007164706236000001
2011-02-17,0.00727,0.975566,0.0070923648200000005
2011-02-18,0.007364,0.97595,0.0071868958
2011-02-19,0.00719,0.976342,0.0070198989800000005
2011-02-20,0.007067,0.97674,0.0069026215800000006
2011-02-21,0.006931,0.977146,0.006772598925999999
2011-02-22,0.006827,0.977558,0.006673788466
2011-02-23,0.006732,0.977977,0.006583741164
2011-02-24,0.006636,0.978402,0.006492675672000001
2011-02-25,0.006662,0.978834,0.006520992108
2011-02-26,0.006731,0.979272,0.006591479832
2011-02-27,0.006814,0.979716,0.006675784824
2011-02-28,0.006965,0.980166,0.006826856189999999
2011-03-01,0.00713,0.980622,0.00699183486
2011-03-02,0.007073,0.981084,0.006939207132
2011-03-03,0.006953,0.981552,0.0068247310559999995
2011-03-04,0.00702,0.982025,0.006893815500000001
2011-03-05,0.007131,0.982503,0.007006228893
2011-03-06,0.007179,0.982987,0.007056863673
2011-03-07,0.007317,0.983477,0.007196101209
2011-03-08,0.007231,0.983971,0.007115094301
2011-03-09,0.007156,0.98447,0.007044867319999999
2011-03-10,0.007075,0.984973,0.006968683975
2011-03-11,0.007089,0.985482,0.006986081898
2011-03-12,0.007161,0.985995,0.007060710194999999
2011-03-13,0.007143,0.986512,0.007046655216
2011-03-14,0.007072,0.987034,0.006980304448
2011-03-15,0.007009,0.987559,0.0069218010309999994
2011-03-16,0.006874,0.988088,0.006792116912
2011-03-17,0.006724,0.988622,0.006647494328
2011-03-18,0.006668,0.989158,0.006595705544
2011-03-19,0.006572,0.989699,0.006504301828
2011-03-20,0.00652,0.990242,0.006456377839999999
2011-03-21,0.006462,0.990789,0.006402478518
2011-03-22,0.006415,0.991339,0.006359439684999999
2011-03-23,0.006478,0.991891,0.006425469898
2011-03-24,0.006619,0.992446,0.006569000074
2011-03-25,0.006726,0.993004,0.006678944904
2011-03-26,0.006974,0.993564,0.006929115336
2011-03-27,0.00713,0.994126,0.007088118379999999
2011-03-28,0.007259,0.994691,0.007220461969
2011-03-29,0.007394,0.995257,0.007358930258
2011-03-30,0.007523,0.995825,0.007491591475
2011-03-31,0.007534,0.996395,0.00750683993
2011-04-01,0.007536,0.996965,0.00751312824
2011-04-02,0.007584,0.997538,0.007565328192
2011-04-03,0.007602,0.998111,0.007587639822
2011-04-04,0.007568,0.998685,0.00755804808
2011-04-05,0.007506,0.99926,0.00750044556
2011-04-06,0.007427,0.999835,0.0074257745449999996
2011-04-07,0.007402,1.000411,0.007405042222
2011-04-08,0.007358,1.000987,0.007365262346
2011-04-09,0.007381,1.001563,0.007392536503
2011-04-10,0.007351,1.002138,0.007366716438
2011-04-11,0.007299,1.002714,0.0073188094860000006
2011-04-12,0.007289,1.003289,0.007312973521000001
2011-04-13,0.007299,1.003863,0.007327196037
2011-04-14,0.007247,1.004437,0.0072791549390000005
2011-04-15,0.007177,1.00501,0.00721295677
2011-04-16,0.007064,1.005581,0.007103424184000001
2011-04-17,0.00698,1.006151,0.00702293398
2011-04-18,0.006929,1.00672,0.006975562880000001
2011-04-19,0.00686,1.007287,0.00690998882
2011-04-20,0.006915,1.007852,0.00696929658
2011-04-21,0.006985,1.008415,0.0070437787750000005
2011-04-22,0.007107,1.008976,0.0071707924320000005
2011-04-23,0.007137,1.009534,0.007205044157999999
2011-04-24,0.007193,1.01009,0.007265577369999999
2011-04-25,0.007343,1.010643,0.007421151548999999
2011-04-26,0.007479,1.011193,0.0075627124470000005
2011-04-27,0.007509,1.01174,0.00759715566
2011-04-28,0.0075,1.012284,0.007592129999999999
2011-04-29,0.00749,1.012825,0.007586059250000001
2011-04-30,0.007417,1.013362,0.007516105954000001
2011-05-01,0.007332,1.013895,0.00743387814
2011-05-02,0.007318,1.014425,0.007423562149999999
2011-05-03,0.007371,1.01495,0.00748119645
2011-05-04,0.007409,1.015471,0.007523624639
2011-05-05,0.00741,1.015988,0.007528471079999999
2011-05-06,0.007424,1.0165,0.007546496
2011-08-31,0.007098,1.018624,0.007230193152
2011-09-01,0.00717,1.018133,0.0073000136099999995
2011-09-02,0.007181,1.017637,0.007307651296999999
2011-09-03,0.007187,1.017136,0.007310156432
2011-09-04,0.007141,1.01663,0.0072597548299999995
2011-09-05,0.007143,1.016119,0.007258138017
2011-09-06,0.007149,1.015604,0.0072605529959999995
2011-09-07,0.007121,1.015084,0.007228413164000001
2011-09-08,0.007156,1.014559,0.007260184204
2011-09-09,0.007151,1.014031,0.007251335681
2011-09-10,0.007094,1.013499,0.007189761905999999
2011-09-11,0.007099,1.012963,0.007191024337000001
2011-09-12,0.007228,1.012423,0.007317793444
2011-09-13,0.007319,1.01188,0.007405949719999999
2011-09-14,0.007454,1.011334,0.0075384836359999995
2011-09-15,0.007472,1.010784,0.007552578048
2011-09-16,0.00758,1.010232,0.0076575585600000004
2011-09-17,0.007611,1.009676,0.007684644036
2011-09-18,0.007666,1.009119,0.007735906254000001
2011-09-19,0.007593,1.008558,0.007657980894000001
2011-09-20,0.007526,1.007996,0.0075861778959999985
2011-09-21,0.007508,1.007432,0.007563799456
2011-09-22,0.00752,1.006865,0.007571624799999999
2011-09-23,0.007373,1.006297,0.007419427781
2011-09-24,0.007413,1.005727,0.0074554542510000005
2011-09-25,0.00743,1.005156,0.00746830908
2011-09-26,0.007429,1.004584,0.007463054535999999
2011-09-27,0.007428,1.00401,0.00745778628
2011-09-28,0.007425,1.003436,0.0074505123
2011-09-29,0.007473,1.002861,0.0074943802529999996
2011-09-30,0.007432,1.002286,0.007448989552
2011-10-01,0.007451,1.00171,0.007463741210000001
2011-10-02,0.007387,1.001134,0.007395376858
2011-10-03,0.007436,1.000558,0.007440149288000001
2011-10-04,0.007511,0.999982,0.007510864802
2011-10-05,0.007519,0.999407,0.007514541233
2011-10-06,0.007543,0.998832,0.0075341897760000005
2011-10-07,0.007508,0.998258,0.007494921064
2011-10-08,0.007466,0.997684,0.0074487087440000006
2011-10-09,0.007469,0.997112,0.007447429528
2011-10-10,0.007521,0.996541,0.007494984861
2011-10-11,0.007553,0.995971,0.007522568963
2011-10-12,0.007625,0.995402,0.00758994025
2011-10-13,0.007649,0.994836,0.007609500564000001
2011-10-14,0.007659,0.994271,0.0076151215890000006
2011-10-15,0.00768,0.993708,0.007631677440000001
2011-10-16,0.007756,0.993147,0.0077028481319999995
2011-10-17,0.007741,0.992589,0.007683631449
2011-10-18,0.00768,0.992033,0.00761881344
2011-10-19,0.007735,0.99148,0.0076690978
2011-10-20,0.007864,0.990929,0.007792665655999999
2011-10-21,0.007825,0.990382,0.0077497391500000005
2012-02-07,0.007377,0.97213,0.007171403010000001
2012-02-08,0.007323,0.972439,0.007121170797
2012-02-09,0.007334,0.972756,0.007134192504
2012-02-10,0.007388,0.97308,0.007189115039999999
2012-02-11,0.007398,0.973413,0.007201309374
2012-02-12,0.007496,0.973753,0.007299252488
2012-02-13,0.007585,0.9741,0.0073885485
2012-02-14,0.007676,0.974456,0.007479924256
2012-02-15,0.007588,0.974818,0.007396918984
2012-02-16,0.007455,0.975188,0.00727002654
2012-02-17,0.00744,0.975566,0.00725821104
2012-02-18,0.007394,0.97595,0.0072161743
2012-02-19,0.007391,0.976342,0.007216143722
2012-02-20,0.007491,0.97674,0.00731675934
2012-02-21,0.007347,0.977146,0.007179091662
2012-02-22,0.007354,0.977558,0.007188961532
2012-02-23,0.007352,0.977977,0.007190086904
2012-02-24,0.007409,0.978402,0.0072489804179999996
2012-02-25,0.007498,0.978834,0.007339297332
2012-02-26,0.007614,0.979272,0.007456177008
2012-02-27,0.00774,0.979716,0.007583001840000001
2012-02-28,0.007775,0.980166,0.00762079065
2012-02-29,0.007766,0.980622,0.007615510452000001
2012-03-01,0.007762,0.981084,0.007615174008
2012-03-02,0.007621,0.981552,0.007480407792
2012-03-03,0.007592,0.982025,0.0074555338
2012-03-04,0.0076,0.982503,0.0074670228000000005
2012-03-05,0.00755,0.982987,0.007421551850000001
2012-03-06,0.007511,0.983477,0.007386895747000001
2012-03-07,0.007531,0.983971,0.007410285601000001
2012-03-08,0.007575,0.98447,0.0074573602499999996
2012-03-09,0.007619,0.984973,0.007504509287
2012-03-10,0.007628,0.985482,0.007517256696
2012-03-11,0.007579,0.985995,0.007472856104999999
2012-03-12,0.007573,0.986512,0.007470855376
2012-03-13,0.007567,0.987034,0.007468886278
2012-03-14,0.007434,0.987559,0.007341513605999999
2012-03-15,0.007325,0.988088,0.007237744599999999
2012-03-16,0.007289,0.988622,0.007206065758000001
2012-03-17,0.007346,0.989158,0.007266354668
2012-03-18,0.007359,0.989699,0.007283194941
2012-03-19,0.00739,0.990242,0.007317888379999999
2012-03-20,0.007355,0.990789,0.0072872530950000005
2012-03-21,0.007348,0.991339,0.007284358972
2012-03-22,0.007389,0.991891,0.0073290825989999996
2012-03-23,0.007472,0.992446,0.007415556512000001
2012-03-24,0.007541,0.993004,0.007488243164
2012-03-25,0.007631,0.993564,0.007581886883999999
2012-03-26,0.007732,0.994126,0.007686582232
2012-03-27,0.007819,0.994691,0.007777488928999999
2012-03-28,0.007792,0.995257,0.007755042544
2012-03-29,0.007676,0.995825,0.0076439527
2012-03-30,0.00768,0.996395,0.0076523136
2012-03-31,0.007674,0.996965,0.00765070941
2012-04-01,0.007642,0.997538,0.007623185396
2012-04-02,0.007605,0.998111,0.0075906341549999996
2012-04-03,0.007508,0.998685,0.00749812698
2012-04-04,0.007489,0.99926,0.00748345814
2012-04-05,0.007523,0.999835,0.007521758705
2012-04-06,0.007462,1.000411,0.007465066881999999
2012-04-07,0.007422,1.000987,0.007429325514
2012-04-08,0.007333,1.001563,0.007344461479
2012-04-09,0.007234,1.002138,0.007249466292
2012-04-10,0.007216,1.002714,0.007235584224000001
2012-04-11,0.007254,1.003289,0.007277858406000001
2012-04-12,0.007241,1.003863,0.007268971983
2012-04-13,0.007347,1.004437,0.007379598639000001
2012-04-14,0.007406,1.00501,0.00744310406
2012-04-15,0.007488,1.005581,0.007529790528
2012-04-16,0.007617,1.006151,0.007663852166999999
2012-04-17,0.007683,1.00672,0.00773462976
2012-04-18,0.007822,1.007287,0.007878998914
2012-04-19,0.007984,1.007852,0.008046690367999999
2012-11-08,0.007793,0.98074,0.007642906819999999
2012-11-09,0.007812,0.980282,0.007657962984
2012-11-10,0.007967,0.97983,0.00780630561
2012-11-11,0.008115,0.979385,0.007947709275000001
2012-11-12,0.008296,0.978945,0.00812132772
2012-11-13,0.008448,0.978512,0.008266469376
2012-11-14,0.008656,0.978085,0.00846630376
2012-11-15,0.008826,0.977664,0.008628862464000001
2012-11-16,0.008901,0.977251,0.008698511151
2012-11-17,0.008931,0.976844,0.008724193764
2012-11-18,0.008956,0.976443,0.008745023508
2012-11-19,0.008873,0.97605,0.008660491650000001
2012-11-20,0.008962,0.975664,0.008743900768
2012-11-21,0.008758,0.975284,0.008541537272
2012-11-22,0.00829,0.974912,0.00808202048
2012-11-23,0.008135,0.974548,0.007927947979999999
2012-11-24,0.007904,0.974191,0.007700005664
2012-11-25,0.007838,0.973841,0.007632965757999999
2012-11-26,0.007719,0.973499,0.007514438781
2012-11-27,0.007572,0.973165,0.007368805379999999
2012-11-28,0.007418,0.972838,0.007216512284
2012-11-29,0.007364,0.972519,0.007161629916
2012-11-30,0.007352,0.972209,0.007147680568
2012-12-01,0.007264,0.971906,0.007059925184
2012-12-02,0.007243,0.971611,0.007037378473000001
2012-12-03,0.007244,0.971325,0.0070362783
2012-12-04,0.007235,0.971047,0.007025525045
2012-12-05,0.007217,0.970777,0.007006097609
2012-12-06,0.007277,0.970516,0.007062444932
2012-12-07,0.007294,0.970263,0.007077098322
2012-12-08,0.007337,0.970018,0.007117022066
2012-12-09,0.007438,0.969783,0.007213245954
2012-12-10,0.007476,0.969555,0.00724839318
2012-12-11,0.007622,0.969337,0.007388286614
2012-12-12,0.007882,0.969127,0.007638659014
2012-12-13,0.007937,0.968927,0.007690373598999999
2012-12-14,0.00801,0.968735,0.00775956735
2012-12-15,0.007993,0.968552,0.007741636136
2012-12-16,0.007976,0.968378,0.007723782928
2012-12-17,0.007895,0.968213,0.0076440416349999995
2012-12-18,0.007834,0.968057,0.007583758538
2012-12-19,0.007775,0.96791,0.00752550025
2012-12-20,0.00772,0.967773,0.00747120756
2012-12-21,0.007693,0.967644,0.007444085292
2012-12-22,0.007705,0.967525,0.007454780125
2012-12-23,0.007618,0.967415,0.00736976747
2012-12-24,0.007516,0.967314,0.007270332024
2012-12-25,0.007525,0.967222,0.00727834555
2012-12-26,0.007532,0.96714,0.007284498479999999
2012-12-27,0.007455,0.967067,0.007209484485
2012-12-28,0.007469,0.967004,0.007222552876
2012-12-29,0.007436,0.96695,0.0071902402
2012-12-30,0.007466,0.966905,0.007218912730000001
2012-12-31,0.007548,0.96687,0.00729793476
2013-01-01,0.007693,0.966862,0.0074380693660000005
2013-01-02,0.00783,0.966839,0.00757034937
2013-01-03,0.007948,0.966825,0.0076843251
2013-01-04,0.008057,0.96682,0.00778966874
2013-01-05,0.008033,0.966825,0.007766505225
2013-01-06,0.008021,0.966839,0.007755015619
2013-01-07,0.008128,0.966862,0.007858654336
2013-01-08,0.008194,0.966895,0.00792273763
2013-01-09,0.008341,0.966938,0.008065229858
2013-01-10,0.008491,0.966989,0.008210703599
2013-01-11,0.008572,0.96705,0.0082895526
2013-01-12,0.00855,0.967121,0.008268884550000001
2013-01-13,0.008519,0.967201,0.008239585319
2013-01-14,0.00846,0.96729,0.0081832734
2013-01-15,0.008388,0.967388,0.008114450544
2013-01-16,0.008241,0.967496,0.007973134536000001
2013-01-17,0.008025,0.967613,0.007765094324999998
2013-01-18,0.007823,0.967739,0.0075706221970000005
2013-01-19,0.007635,0.967874,0.00738971799
2013-01-20,0.007547,0.968019,0.007305639393
2013-01-21,0.00754,0.968172,0.00730001688
2013-01-22,0.007521,0.968335,0.0072828475349999994
2013-01-23,0.007446,0.968506,0.007211495676
2013-01-24,0.007404,0.968687,0.007172158548
2013-01-25,0.007453,0.968877,0.007221040281
2013-01-26,0.00751,0.969075,0.00727775325
2013-01-27,0.007543,0.969283,0.0073113016690000004
2013-01-28,0.007567,0.969499,0.007336198933
2013-01-29,0.007535,0.969724,0.00730687034
2013-01-30,0.007532,0.969957,0.007305716123999999
2013-01-31,0.007457,0.970199,0.007234773943
2013-02-01,0.007421,0.97045,0.00720170945
2013-02-02,0.007421,0.970709,0.007203631489
2013-02-03,0.007426,0.970977,0.007210475202
2013-02-04,0.00752,0.971253,0.00730382256
2013-02-05,0.007601,0.971537,0.007384652737
2013-02-06,0.007725,0.97183,0.00750738675
2013-02-07,0.007891,0.97213,0.007671077830000001
2013-02-08,0.007986,0.972439,0.007765897854000001
2013-02-09,0.007988,0.972756,0.007770374928
2013-02-10,0.007916,0.97308,0.007702901279999999
2013-02-11,0.007993,0.973413,0.007780490109
2013-02-12,0.00786,0.973753,0.007653698580000001
2013-02-13,0.007811,0.9741,0.0076086951
2013-02-14,0.007655,0.974456,0.00745946068
2013-02-15,0.007551,0.974818,0.007360850718
2013-02-16,0.00754,0.975188,0.00735291752
2013-02-17,0.00759,0.975566,0.007404545940000001
2013-02-18,0.007596,0.97595,0.007413316200000001
2013-02-19,0.007683,0.976342,0.0075012355860000005
2013-02-20,0.007601,0.97674,0.00742420074
2013-02-21,0.00757,0.977146,0.00739699522
2013-02-22,0.007506,0.977558,0.007337550348
2013-02-23,0.00742,0.977977,0.00725658934
2013-02-24,0.007414,0.978402,0.007253872428
2013-02-25,0.007466,0.978834,0.007307974644
2013-02-26,0.00748,0.979272,0.00732495456
2013-02-27,0.007335,0.979716,0.0071862168600000005
2013-02-28,0.007156,0.980166,0.007014067896
2013-03-01,0.007171,0.980622,0.007032040362
2013-03-02,0.00724,0.981084,0.007103048159999999
2013-03-03,0.007475,0.981552,0.0073371012
2013-03-04,0.007642,0.982025,0.007504635050000001
2013-03-05,0.007838,0.982503,0.007700858513999999
2013-03-06,0.007914,0.982987,0.007779359118
2013-03-07,0.007958,0.983477,0.007826509966
2013-03-08,0.008035,0.983971,0.007906206985
2013-03-09,0.008046,0.98447,0.007921045619999999
2013-03-10,0.008105,0.984973,0.007983206165
2013-03-11,0.008177,0.985482,0.008058286314
2013-03-12,0.008214,0.985995,0.00809896293
2013-03-13,0.008094,0.986512,0.007984828128
2013-03-14,0.007879,0.987034,0.007776840886
2013-03-15,0.007827,0.987559,0.007729624293
2013-03-16,0.007734,0.988088,0.007641872592
2013-03-17,0.007666,0.988622,0.0075787762520000005
2013-03-18,0.007533,0.989158,0.007451327214
2013-03-19,0.007463,0.989699,0.007386123637
2013-03-20,0.007366,0.990242,0.0072941225719999996
2013-03-21,0.007284,0.990789,0.0072169070759999995
2013-03-22,0.007191,0.991339,0.007128718749
2013-03-23,0.007161,0.991891,0.007102931450999999
2013-03-24,0.007128,0.992446,0.007074155088
2013-03-25,0.007145,0.993004,0.00709501358
2013-03-26,0.007142,0.993564,0.007096034088
2013-03-27,0.007185,0.994126,0.00714279531
2013-03-28,0.007201,0.994691,0.007162769891
2013-03-29,0.007317,0.995257,0.007282295469
2013-03-30,0.007418,0.995825,0.00738702985
2013-03-31,0.007543,0.996395,0.0075158074850000004
2013-04-01,0.007767,0.996965,0.007743427155
2013-04-02,0.007877,0.997538,0.007857606826
2013-04-03,0.007956,0.998111,0.007940971116
2013-04-04,0.008073,0.998685,0.008062384005000001
2013-04-05,0.008196,0.99926,0.00818993496
2013-04-06,0.008245,0.999835,0.008243639575000001
2013-04-07,0.008361,1.000411,0.008364436371
2013-04-08,0.008446,1.000987,0.008454336202000002
2013-04-09,0.008443,1.001563,0.008456196409000001
2013-04-10,0.00835,1.002138,0.008367852299999999
2013-04-11,0.008144,1.002714,0.008166102816000002
2013-04-12,0.008034,1.003289,0.008060423826
2013-04-13,0.007859,1.003863,0.007889359317
2013-04-14,0.007748,1.004437,0.007782377876
2013-04-15,0.007652,1.00501,0.0076903365199999995
2013-04-16,0.007547,1.005581,0.007589119807000001
2013-04-17,0.007378,1.006151,0.007423382078
2013-04-18,0.007192,1.00672,0.0072403302400000005
2013-04-19,0.007178,1.007287,0.007230306086
2013-04-20,0.007215,1.007852,0.00727165218
2013-04-21,0.007245,1.008415,0.007305966675
2013-04-22,0.007208,1.008976,0.0072726990080000005
2013-04-23,0.007232,1.009534,0.007300949887999999
2013-04-24,0.00738,1.01009,0.0074544642
2013-06-04,0.007504,1.028679,0.007719207216
2013-06-05,0.007418,1.028986,0.0076330181479999995
2013-06-06,0.007375,1.029284,0.0075909695
2013-06-07,0.007332,1.029572,0.007548821904
2013-06-08,0.007246,1.029852,0.007462307592
2013-06-09,0.00723,1.030123,0.0074477892899999995
2013-06-10,0.007314,1.030385,0.007536235890000001
2013-06-11,0.007291,1.030637,0.007514374367
2013-06-12,0.007312,1.03088,0.00753779456
2013-06-13,0.00736,1.031113,0.00758899168
2013-06-14,0.007376,1.031337,0.007607141711999999
2013-06-15,0.007388,1.031552,0.007621106176
2013-06-16,0.007471,1.031757,0.007708256547
2013-06-17,0.007497,1.031952,0.007736544144
2013-06-18,0.007493,1.032137,0.0077338025410000006
2013-06-19,0.00757,1.032312,0.00781460184
2013-06-20,0.007714,1.032477,0.007964527578000001
2013-06-21,0.007768,1.032633,0.008021493143999999
2013-06-22,0.007834,1.032778,0.008090782852000001
2013-06-23,0.007938,1.032914,0.008199271332000001
2013-06-24,0.007862,1.033039,0.008121752618
2013-06-25,0.007732,1.033154,0.007988346728
2013-06-26,0.007609,1.033259,0.007862067731
2013-06-27,0.007561,1.033353,0.007813182033
2013-08-15,0.00793,1.02564,0.008133325200000001
2013-08-16,0.007891,1.025254,0.008090279314000002
2013-08-17,0.008052,1.024859,0.008252164668
2013-08-18,0.008029,1.024458,0.008225373282
2013-08-19,0.008083,1.024049,0.008277388067
2013-08-20,0.008096,1.023633,0.008287332768
2013-08-21,0.007983,1.02321,0.00816828543
2013-08-22,0.007961,1.02278,0.00814235158
2013-08-23,0.007885,1.022343,0.008061174555
2013-08-24,0.007652,1.0219,0.007819578800000001
2013-08-25,0.007503,1.02145,0.00766393935
2013-08-26,0.007514,1.020994,0.007671748916
2013-08-27,0.007458,1.020532,0.0076111276560000005
2013-08-28,0.007403,1.020064,0.007551533792
2013-08-29,0.00738,1.019589,0.007524566820000001
2013-08-30,0.007385,1.01911,0.00752612735
2013-08-31,0.007405,1.018624,0.00754291072
2013-09-01,0.00743,1.018133,0.00756472819
2013-09-02,0.007464,1.017637,0.007595642567999999
2013-09-03,0.007422,1.017136,0.007549183392
2013-09-04,0.00735,1.01663,0.0074722305
2013-09-05,0.007209,1.016119,0.007325201871
2013-09-06,0.007153,1.015604,0.0072646154119999995
2013-09-07,0.007142,1.015084,0.0072497299280000005
2013-09-08,0.007136,1.014559,0.007239893024
2013-09-09,0.00724,1.014031,0.007341584439999999
2013-09-10,0.007342,1.013499,0.007441109657999999
2013-09-11,0.00738,1.012963,0.00747566694
2013-09-12,0.007456,1.012423,0.007548625888000001
2013-09-13,0.007444,1.01188,0.007532434719999999
2013-09-14,0.00732,1.011334,0.00740296488
2013-09-15,0.007252,1.010784,0.007330205567999999
2013-09-16,0.007229,1.010232,0.007302967128
2013-09-17,0.007221,1.009676,0.007290870396
2013-09-18,0.007164,1.009119,0.007229328516000001
2013-09-19,0.007205,1.008558,0.0072666603900000005
2013-09-20,0.007312,1.007996,0.007370466751999999
2013-09-21,0.007349,1.007432,0.007403617768000001
2013-09-23,0.007499,1.006297,0.007546221202999999
2013-09-24,0.007647,1.005727,0.007690794369000001
2013-09-25,0.007734,1.005156,0.007773876504
2013-09-26,0.007771,1.004584,0.007806622264
2013-09-27,0.007663,1.00401,0.0076937286300000005
2013-09-28,0.007522,1.003436,0.007547845592
2013-09-29,0.00742,1.002861,0.00744122862
2013-09-30,0.007396,1.002286,0.007412907256
2013-10-01,0.007234,1.00171,0.0072463701400000005
2013-10-02,0.007175,1.001134,0.00718313645
2013-10-03,0.007171,1.000558,0.007175001418
2013-10-04,0.007208,0.999982,0.007207870256000001
2013-10-05,0.007211,0.999407,0.007206723877
2013-10-06,0.007285,0.998832,0.00727649112
2013-10-07,0.00741,0.998258,0.00739709178
2013-10-08,0.007514,0.997684,0.007496597576
2013-10-09,0.007658,0.997112,0.007635883696
2013-10-10,0.007782,0.996541,0.007755082062
2013-10-11,0.007852,0.995971,0.007820364292
2013-10-12,0.007744,0.995402,0.007708393088
2013-10-13,0.007703,0.994836,0.007663221708
2013-10-14,0.007625,0.994271,0.007581316375
2013-10-15,0.007721,0.993708,0.0076724194680000005
2013-10-16,0.00767,0.993147,0.00761743749
2013-10-17,0.007627,0.992589,0.0075704763030000006
2013-10-18,0.007554,0.992033,0.0074938172820000004
2013-10-19,0.007554,0.99148,0.00748963992
2013-10-20,0.007669,0.990929,0.007599434500999999
2013-10-21,0.007785,0.990382,0.00771012387
2013-10-22,0.007969,0.989837,0.007888011053
2013-10-23,0.00803,0.989296,0.00794404688
2013-10-24,0.008147,0.988759,0.008055419573000001
2013-10-25,0.008114,0.988225,0.00801845765
2013-10-26,0.007986,0.987694,0.007887724284
2013-10-27,0.007864,0.987168,0.007763089152
2013-10-28,0.007823,0.986645,0.007718523835
2013-10-29,0.007754,0.986127,0.007646428758
2013-10-30,0.007622,0.985613,0.007512342286
2013-10-31,0.007616,0.985103,0.007502544448
2013-11-01,0.00767,0.984598,0.00755186666
2013-11-02,0.007753,0.984098,0.007629711794
2013-11-03,0.007761,0.983603,0.007633742882999999
2013-11-04,0.007856,0.983112,0.007723327872
2013-11-05,0.007933,0.982627,0.007795179991000001
2013-11-06,0.007978,0.982147,0.007835568766
2013-11-07,0.007896,0.981672,0.007751282112
2013-11-08,0.007829,0.981203,0.007681838286999999
2013-11-09,0.007799,0.98074,0.00764879126
2013-11-10,0.007735,0.980282,0.007582481269999999
2013-11-11,0.00774,0.97983,0.0075838842
2013-11-12,0.007692,0.979385,0.0075334294199999995
2013-11-13,0.00787,0.978945,0.00770429715
2013-11-14,0.008002,0.978512,0.007830053024000002
2013-11-15,0.008174,0.978085,0.007994866790000001
2013-11-16,0.008376,0.977664,0.008188913664
2013-11-18,0.008507,0.976844,0.008310011908
2013-11-19,0.008452,0.976443,0.008252896235999998
2013-11-20,0.0083,0.97605,0.008101215
2013-11-21,0.008131,0.975664,0.007933123984
2013-11-22,0.008005,0.975284,0.00780714842
2013-11-23,0.007786,0.974912,0.007590664832000001
2013-11-25,0.007464,0.974191,0.007271361624000001
2013-11-26,0.007355,0.973841,0.007162600555
2013-11-27,0.007428,0.973499,0.007231150572
2013-11-28,0.007509,0.973165,0.007307495985
2013-11-29,0.007567,0.972838,0.007361465146
2013-11-30,0.007697,0.972519,0.007485478743
2013-12-01,0.007807,0.972209,0.007590035663
2013-12-02,0.007939,0.971906,0.007715961734
2013-12-03,0.007962,0.971611,0.007735966782000001
2013-12-04,0.007948,0.971325,0.007720091100000001
2013-12-05,0.008043,0.971047,0.007810131021
2013-12-06,0.007985,0.970777,0.007751654345000001
2013-12-07,0.007977,0.970516,0.007741806132
2013-12-08,0.007963,0.970263,0.007726204269
2013-12-09,0.008086,0.970018,0.007843565548
2013-12-10,0.008286,0.969783,0.008035621938
2013-12-11,0.008439,0.969555,0.008182074645
2013-12-12,0.008592,0.969337,0.008328543504
2013-12-13,0.008669,0.969127,0.008401361962999999
2013-12-14,0.008743,0.968927,0.008471328761000001
2013-12-15,0.008696,0.968735,0.00842411956
2013-12-16,0.008679,0.968552,0.008406062807999999
2013-12-17,0.008614,0.968378,0.008341608092
2013-12-18,0.008453,0.968213,0.008184304489
2013-12-19,0.008213,0.968057,0.007950652140999999
2013-12-20,0.008055,0.96791,0.00779651505
2013-12-21,0.007901,0.967773,0.007646374473
2013-12-22,0.007783,0.967644,0.007531173251999999
2013-12-23,0.007695,0.967525,0.007445104875
2013-12-24,0.007597,0.967415,0.007349451755
2013-12-25,0.007586,0.967314,0.007338044004
2013-12-26,0.007659,0.967222,0.007407953298
2013-12-27,0.007818,0.96714,0.00756110052
2013-12-28,0.007853,0.967067,0.007594377151000001
2013-12-29,0.007883,0.967004,0.007622892531999999
2013-12-30,0.00796,0.96695,0.007696922
2013-12-31,0.00802,0.966905,0.007754578099999999
2014-01-01,0.008055,0.966862,0.00778807341
2014-01-02,0.008094,0.966839,0.007825594866
2014-01-03,0.008184,0.966825,0.0079124958
2014-01-04,0.008373,0.96682,0.00809518386
2014-01-05,0.008416,0.966825,0.008136799200000001
2014-01-06,0.008432,0.966839,0.008152386448000001
2014-01-07,0.008574,0.966862,0.008289874788
2014-01-08,0.008627,0.966895,0.008341403164999999
2014-01-09,0.008749,0.966938,0.008459740561999999
2014-01-10,0.008813,0.966989,0.008522074057
2014-01-12,0.008586,0.967121,0.008303700906
2014-01-13,0.008413,0.967201,0.008137062013
2014-01-14,0.008271,0.96729,0.00800045559
2014-01-15,0.008096,0.967388,0.007831973248000001
2014-01-26,0.008338,0.969075,0.00808014735
2014-01-27,0.008216,0.969283,0.007963629128
2014-01-28,0.008232,0.969499,0.007980915768
2014-01-29,0.008193,0.969724,0.007944948732
2014-01-30,0.008223,0.969957,0.007975956410999999
2014-01-31,0.008191,0.970199,0.007946900009
2014-02-01,0.008338,0.97045,0.0080916121
2014-02-02,0.008602,0.970709,0.008350038818
2014-02-03,0.00874,0.970977,0.008486338979999999
2014-02-04,0.008928,0.971253,0.008671346784
2014-02-05,0.008997,0.971537,0.008740918389
2014-02-06,0.008988,0.97183,0.00873480804
2014-02-07,0.008913,0.97213,0.008664594690000001
2014-02-08,0.008747,0.972439,0.008505923933
2014-02-10,0.008359,0.97308,0.00813397572
2014-02-11,0.008485,0.973413,0.008259409305
2014-02-12,0.008447,0.973753,0.008225291591
2014-02-13,0.008337,0.9741,0.008121071700000001
2014-02-14,0.008203,0.974456,0.007993462568000001
2014-02-15,0.008106,0.974818,0.007901874708
2014-02-16,0.008074,0.975188,0.007873667912
2014-02-17,0.008157,0.975566,0.007957691862
2014-02-18,0.008198,0.97595,0.008000838100000001
2014-02-19,0.008224,0.976342,0.008029436608
2014-02-20,0.008287,0.97674,0.008094244379999999
2014-02-21,0.008283,0.977146,0.008093700318
2014-02-22,0.008232,0.977558,0.008047257456
2014-02-23,0.008314,0.977977,0.008130900778
2014-02-24,0.008456,0.978402,0.008273367312
2014-02-25,0.008713,0.978834,0.008528580642000001
2014-02-26,0.0089,0.979272,0.0087155208
2014-02-27,0.009009,0.979716,0.008826261444
2014-02-28,0.009089,0.980166,0.008908728773999999
2014-03-01,0.009025,0.980622,0.00885011355
2014-03-02,0.009064,0.981084,0.008892545375999998
2014-03-03,0.009079,0.981552,0.008911510608
2014-03-04,0.009027,0.982025,0.008864739675
2014-03-05,0.008902,0.982503,0.008746241706
2014-03-06,0.008821,0.982987,0.008670928327000001
2014-03-07,0.008687,0.983477,0.008543464699
2014-03-08,0.008441,0.983971,0.008305699211
2014-03-09,0.008325,0.98447,0.00819571275
2014-03-10,0.008367,0.984973,0.008241269091
2014-03-11,0.00835,0.985482,0.0082287747
2014-03-12,0.008349,0.985995,0.008232072255
2014-03-13,0.008327,0.986512,0.008214685424
2014-03-14,0.008392,0.987034,0.008283189328
2014-03-15,0.008404,0.987559,0.008299445836
2014-03-16,0.008401,0.988088,0.008300927288
2014-03-17,0.00845,0.988622,0.008353855899999998
2014-03-18,0.008536,0.989158,0.008443452688
2014-03-19,0.008629,0.989699,0.008540112671
2014-03-20,0.008746,0.990242,0.008660656532
2014-03-21,0.008821,0.990789,0.008739749769
2014-03-22,0.008988,0.991339,0.008910154932
2014-03-23,0.009046,0.991891,0.008972645986
2014-03-24,0.009092,0.992446,0.009023319032
2014-03-25,0.009131,0.993004,0.009067119524
2014-03-26,0.009223,0.993564,0.009163640772000001
2014-03-27,0.009088,0.994126,0.009034617088
2014-03-28,0.009089,0.994691,0.009040746499
2014-03-29,0.009027,0.995257,0.008984184939
2014-03-30,0.008899,0.995825,0.008861846675
2014-03-31,0.008548,0.996395,0.00851718446
2014-04-01,0.00822,0.996965,0.0081950523
2014-04-02,0.008229,0.997538,0.008208740202000001
2014-04-03,0.008159,0.998111,0.008143587648999999
2014-04-04,0.008235,0.998685,0.008224170975
2014-04-05,0.008219,0.99926,0.008212917940000002
2014-04-06,0.00819,0.999835,0.00818864865
2014-04-07,0.008182,1.000411,0.008185362802
2014-04-08,0.007981,1.000987,0.007988877247
2014-04-09,0.007847,1.001563,0.007859264861
2014-04-10,0.007773,1.002138,0.007789618674
2014-04-11,0.00769,1.002714,0.007710870660000001
2014-04-12,0.007672,1.003289,0.007697233208
2014-04-13,0.007723,1.003863,0.007752833948999999
2014-04-14,0.007969,1.004437,0.008004358453
2014-04-15,0.008242,1.00501,0.00828329242
2014-04-16,0.008478,1.005581,0.008525315718
2014-04-17,0.008613,1.006151,0.008665978563
2014-04-18,0.008664,1.00672,0.00872222208
2014-04-19,0.008697,1.007287,0.008760375039
2014-04-20,0.008681,1.007852,0.008749163212
2014-04-21,0.008578,1.008415,0.008650183870000001
2014-04-22,0.008331,1.008976,0.008405779056
2014-04-23,0.008109,1.009534,0.008186311206
2014-04-24,0.007938,1.01009,0.00801809442
2014-04-25,0.007853,1.010643,0.007936579479
2014-04-26,0.007743,1.011193,0.007829667399
2014-04-27,0.007748,1.01174,0.00783896152
2014-04-28,0.007709,1.012284,0.0078036973559999995
2014-04-29,0.007717,1.012825,0.007815970525
2014-04-30,0.007729,1.013362,0.007832274898000001
2014-05-01,0.007654,1.013895,0.00776035233
2014-05-02,0.00778,1.014425,0.007892226499999998
2014-05-03,0.007751,1.01495,0.00786687745
2014-05-04,0.007764,1.015471,0.007884116844
2014-05-05,0.007663,1.015988,0.007785516043999999
2014-05-06,0.007685,1.0165,0.007811802499999999
2014-05-07,0.007728,1.017007,0.007859430096
2014-05-08,0.007766,1.017509,0.007901974894
2014-05-09,0.007914,1.018007,0.008056507398
2014-05-10,0.008019,1.018499,0.008167343481
2014-05-11,0.008246,1.018986,0.008402558555999999
2014-05-12,0.00836,1.019467,0.008522744119999998
2014-05-13,0.008456,1.019943,0.008624638008
2014-08-21,0.007608,1.02321,0.0077845816799999995
2014-08-22,0.00764,1.02278,0.007814039200000001
2014-08-23,0.007773,1.022343,0.007946672139
2014-08-24,0.008009,1.0219,0.0081843971
2014-08-25,0.008039,1.02145,0.00821143655
2014-08-26,0.00808,1.020994,0.00824963152
2014-08-27,0.008114,1.020532,0.008280596648
2014-08-28,0.008031,1.020064,0.008192133984
2014-08-29,0.008069,1.019589,0.008227063641000001
2014-08-30,0.008078,1.01911,0.00823237058
2014-08-31,0.008053,1.018624,0.008202979071999999
2014-09-01,0.007979,1.018133,0.008123683207
2014-09-02,0.007827,1.017637,0.007965044798999999
2014-09-03,0.007711,1.017136,0.007843135696
2014-09-04,0.00767,1.01663,0.007797552099999999
2014-09-05,0.007668,1.016119,0.007791600492000001
2014-09-06,0.007833,1.015604,0.007955226131999999
2014-09-07,0.007947,1.015084,0.008066872548
2014-09-08,0.007975,1.014559,0.008091108025
2014-09-09,0.008052,1.014031,0.008164977612
2014-09-10,0.008172,1.013499,0.008282313828
2014-09-11,0.00815,1.012963,0.00825564845
2014-09-12,0.008143,1.012423,0.008244160489
2014-09-13,0.008062,1.01188,0.008157776559999998
2014-09-14,0.007939,1.011334,0.008028980626
2014-09-15,0.00786,1.010784,0.00794476224
2014-09-16,0.007761,1.010232,0.007840410552
2014-09-17,0.00769,1.009676,0.0077644084399999995
2014-09-18,0.007702,1.009119,0.007772234538000001
2014-09-19,0.007729,1.008558,0.007795144782
2014-09-20,0.00769,1.007996,0.007751489239999999
2014-09-21,0.0078,1.007432,0.0078579696
2014-09-22,0.007839,1.006865,0.007892814735
2014-09-23,0.007926,1.006297,0.007975910022
2014-09-24,0.00803,1.005727,0.00807598781
2014-09-25,0.008226,1.005156,0.008268413256
2014-09-26,0.008329,1.004584,0.008367180136
2014-09-27,0.008422,1.00401,0.008455772220000001
2014-09-28,0.008489,1.003436,0.008518168204
2014-09-29,0.008388,1.002861,0.008411998068
2014-09-30,0.008311,1.002286,0.008329998946
2014-10-01,0.008189,1.00171,0.00820300319
2014-10-02,0.008141,1.001134,0.008150231894
2014-10-03,0.008166,1.000558,0.008170556628
2014-10-04,0.008269,0.999982,0.008268851158000001
2014-10-05,0.008313,0.999407,0.008308070390999999
2014-10-06,0.008259,0.998832,0.008249353488
2014-10-07,0.008183,0.998258,0.008168745214
2014-10-08,0.008195,0.997684,0.00817602038
2014-10-09,0.008069,0.997112,0.008045696728
2014-10-10,0.007944,0.996541,0.007916521704
2014-10-11,0.0078,0.995971,0.0077685738
2014-10-12,0.007622,0.995402,0.007586954044000001
2014-10-13,0.007536,0.994836,0.007497084096000001
2014-10-14,0.00756,0.994271,0.00751668876
2014-10-15,0.007535,0.993708,0.007487589780000001
2014-10-16,0.007569,0.993147,0.0075171296430000005
2014-10-17,0.007682,0.992589,0.007625068698
2014-10-18,0.007846,0.992033,0.007783490918000001
2014-10-19,0.008051,0.99148,0.007982405480000001
2014-10-20,0.008225,0.990929,0.008150391024999998
2014-10-21,0.008315,0.990382,0.008235026329999999
2014-10-22,0.008538,0.989837,0.008451228306
2014-10-23,0.008535,0.989296,0.008443641359999999
2014-10-24,0.008737,0.988759,0.008638787383
2014-10-25,0.008647,0.988225,0.008545181575
2014-10-26,0.008535,0.987694,0.00842996829
2014-10-27,0.008375,0.987168,0.008267532000000001
2014-10-28,0.008094,0.986645,0.00798590463
2014-10-29,0.007884,0.986127,0.007774625268
2014-10-30,0.007822,0.985613,0.007709464886000001
2014-10-31,0.007834,0.985103,0.007717296902
2014-11-01,0.007961,0.984598,0.007838384677999998
2014-11-02,0.007931,0.984098,0.007804881238
2014-11-03,0.007836,0.983603,0.007707513108
2014-11-04,0.007813,0.983112,0.007681054056
2014-11-05,0.007944,0.982627,0.007805988888
2014-11-06,0.00809,0.982147,0.00794556923
2014-11-20,0.008992,0.97605,0.0087766416
2014-11-21,0.00898,0.975664,0.00876146272
2014-11-22,0.008887,0.975284,0.008667348908000002
2014-11-24,0.008581,0.974548,0.008362596388
2014-11-25,0.008497,0.974191,0.008277700927
2014-11-26,0.008583,0.973841,0.008358477303
2014-11-27,0.008779,0.973499,0.008546347721
2014-11-28,0.008928,0.973165,0.00868841712
2014-11-29,0.008937,0.972838,0.008694253206
2014-11-30,0.008878,0.972519,0.008634023682000001
2014-12-01,0.008681,0.972209,0.008439746328999999
2014-12-02,0.008649,0.971906,0.008406014994
2014-12-03,0.008518,0.971611,0.008276182497999999
2014-12-04,0.008458,0.971325,0.00821546685
2014-12-05,0.008328,0.971047,0.008086879416
2014-12-06,0.008162,0.970777,0.007923481874
2014-12-07,0.008091,0.970516,0.007852444956
2014-12-08,0.008089,0.970263,0.007848457407000001
2014-12-09,0.008151,0.970018,0.007906616718000001
2014-12-10,0.008313,0.969783,0.008061806078999999
2014-12-11,0.008501,0.969555,0.008242187054999999
2014-12-12,0.008718,0.969337,0.008450679966
2014-12-13,0.008921,0.969127,0.008645581967
2014-12-14,0.009084,0.968927,0.008801732868
2014-12-15,0.009106,0.968735,0.00882130091
2014-12-16,0.009268,0.968552,0.008976539936
2014-12-17,0.009414,0.968378,0.009116310492
2014-12-18,0.009491,0.968213,0.009189309582999999
2014-12-19,0.00944,0.968057,0.00913845808
2014-12-20,0.00935,0.96791,0.009049958500000002
2014-12-21,0.009041,0.967773,0.008749635693
2014-12-22,0.008799,0.967644,0.008514299555999999
2014-12-23,0.008593,0.967525,0.008313942325
2014-12-24,0.008425,0.967415,0.008150471375000001
2014-12-25,0.008389,0.967314,0.008114797146
2014-12-26,0.008387,0.967222,0.008112090914000001
2014-12-27,0.008258,0.96714,0.00798664212
2014-12-28,0.008193,0.967067,0.007923179931
2014-12-29,0.008142,0.967004,0.007873346568
2014-12-30,0.008103,0.96695,0.00783519585
2014-12-31,0.008108,0.966905,0.007839665740000001
2015-01-01,0.008122,0.966862,0.007852853164000001
2015-01-02,0.008186,0.966839,0.007914544054000001
2015-01-03,0.008223,0.966825,0.007950201975
2015-01-04,0.008197,0.96682,0.00792502354
2015-01-05,0.008218,0.966825,0.00794536785
2015-01-06,0.008375,0.966839,0.008097276625
2015-01-07,0.00841,0.966862,0.008131309420000002
2015-01-08,0.008614,0.966895,0.00832883353
2015-01-09,0.008784,0.966938,0.008493583392
2015-01-10,0.008963,0.966989,0.008667122407
2015-01-11,0.009117,0.96705,0.00881659485
2015-01-12,0.009228,0.967121,0.008924592588
2015-01-13,0.00916,0.967201,0.00885956116
2015-01-14,0.009178,0.96729,0.00887778762
2015-01-15,0.009084,0.967388,0.008787752592
2015-01-16,0.008953,0.967496,0.008661991688
2015-01-17,0.008723,0.967613,0.008440488199
2015-01-18,0.008552,0.967739,0.008276103928000001
2015-01-19,0.008368,0.967874,0.008099169632
2015-01-20,0.008238,0.968019,0.007974540522000001
2015-01-21,0.008082,0.968172,0.007824766104000002
2015-01-22,0.007959,0.968335,0.007706978265
2015-01-23,0.007845,0.968506,0.007597929569999999
2015-01-24,0.007855,0.968687,0.0076090363849999985
2015-01-25,0.007854,0.968877,0.007609559958
2015-01-26,0.008006,0.969075,0.007758414449999999
2015-01-27,0.008147,0.969283,0.007896748601
2015-01-28,0.008319,0.969499,0.008065262181
2015-01-29,0.00847,0.969724,0.00821356228
2015-01-30,0.008613,0.969957,0.008354239641
2015-01-31,0.008672,0.970199,0.008413565728
2015-02-01,0.008693,0.97045,0.00843612185
2015-02-02,0.008809,0.970709,0.008550975581
2015-02-03,0.008923,0.970977,0.008664027771
2015-02-04,0.009064,0.971253,0.008803437192
2015-02-05,0.009089,0.971537,0.008830299793
2015-02-06,0.009117,0.97183,0.00886017411
2015-02-07,0.009166,0.97213,0.008910543580000001
2015-02-08,0.009228,0.972439,0.008973667092
2015-02-09,0.009243,0.972756,0.008991183707999999
2015-02-10,0.009212,0.97308,0.00896401296
2015-02-11,0.009009,0.973413,0.008769477716999999
2015-02-12,0.008827,0.973753,0.008595317731
2015-02-13,0.00869,0.9741,0.008464929
2015-02-14,0.008487,0.974456,0.008270208071999999
2015-02-15,0.008301,0.974818,0.008091964217999998
2015-02-16,0.008171,0.975188,0.007968261148
2015-02-17,0.007991,0.975566,0.007795747906
2015-02-18,0.007936,0.97595,0.0077451392
2015-02-19,0.007847,0.976342,0.007661355674
2015-02-20,0.007804,0.97674,0.007622478960000001
2015-02-21,0.007773,0.977146,0.007595355858
2015-02-22,0.007761,0.977558,0.007586827638
2015-02-23,0.007846,0.977977,0.007673207542
2015-02-24,0.007978,0.978402,0.007805691156
2015-02-25,0.00806,0.978834,0.00788940204
2015-02-26,0.008103,0.979272,0.007935041016
2015-02-27,0.008205,0.979716,0.008038569780000001
2015-02-28,0.008327,0.980166,0.008161842281999999
2015-03-01,0.008288,0.980622,0.008127395136
2015-03-02,0.008373,0.981084,0.008214616332
2015-03-03,0.008409,0.981552,0.008253870768
2015-03-04,0.008487,0.982025,0.008334446175
2015-03-05,0.00847,0.982503,0.00832180041
2015-03-06,0.008521,0.982987,0.008376032227
2015-03-07,0.008538,0.983477,0.008396926626
2015-03-08,0.008499,0.983971,0.008362769528999999
2015-03-09,0.008437,0.98447,0.00830597339
2015-03-10,0.008454,0.984973,0.008326961742
2015-03-11,0.008502,0.985482,0.008378567964
2015-03-12,0.008506,0.985995,0.008386873469999999
2015-03-13,0.008387,0.986512,0.008273876144
2015-03-14,0.008215,0.987034,0.00810848431
2015-03-15,0.008024,0.987559,0.007924173416
2015-03-16,0.007929,0.988088,0.007834549752
2015-03-17,0.007739,0.988622,0.007650945658
2015-03-18,0.007632,0.989158,0.007549253856
2015-03-19,0.007534,0.989699,0.007456392266
2015-03-20,0.007486,0.990242,0.007412951611999999
2015-03-21,0.007594,0.990789,0.007524051666
2015-03-22,0.007791,0.991339,0.007723522149
2015-03-23,0.008083,0.991891,0.008017454953
2015-03-24,0.008402,0.992446,0.008338531292
2015-03-25,0.00845,0.993004,0.008390883799999999
2015-03-26,0.008443,0.993564,0.008388660852000001
2015-03-27,0.008522,0.994126,0.008471941771999999
2015-03-28,0.008571,0.994691,0.008525496561
2015-03-29,0.008555,0.995257,0.008514423634999999
2015-03-30,0.008484,0.995825,0.0084485793
2015-03-31,0.008411,0.996395,0.008380678345
2015-04-01,0.008332,0.996965,0.008306712380000001
2015-04-02,0.008242,0.997538,0.008221708196
2015-04-03,0.008173,0.998111,0.008157561203
2015-04-04,0.008152,0.998685,0.00814128012
2015-04-05,0.008162,0.99926,0.008155960120000002
2015-04-06,0.008172,0.999835,0.00817065162
2015-04-07,0.00821,1.000411,0.00821337431
2015-04-08,0.008147,1.000987,0.008155041089
2015-04-09,0.008142,1.001563,0.008154725946
2015-04-10,0.008006,1.002138,0.008023116827999999
2015-04-11,0.00789,1.002714,0.00791141346
2015-04-12,0.007767,1.003289,0.007792545663
2015-04-13,0.007746,1.003863,0.007775922798
2015-04-14,0.007753,1.004437,0.007787400061000001
2015-04-15,0.007803,1.00501,0.00784209303
2015-04-16,0.007846,1.005581,0.007889788526
2015-04-17,0.00801,1.006151,0.00805926951
2015-04-18,0.008285,1.00672,0.008340675200000001
2015-04-19,0.008448,1.007287,0.008509560576
2015-04-20,0.008666,1.007852,0.008734045432
2015-04-21,0.008869,1.008415,0.008943632635
2015-04-22,0.008983,1.008976,0.009063631408000001
2015-04-23,0.008841,1.009534,0.008925290094
2015-04-24,0.008629,1.01009,0.008716066609999998
2015-04-25,0.008459,1.010643,0.008549029137
2015-04-26,0.008232,1.011193,0.008324140776
2015-04-27,0.008078,1.01174,0.00817283572
2015-04-28,0.007993,1.012284,0.008091186012
2015-04-29,0.00783,1.012825,0.00793041975
2015-04-30,0.0077,1.013362,0.007802887400000001
2015-05-01,0.007685,1.013895,0.007791783075
2015-05-02,0.007725,1.014425,0.007836433125
2015-05-03,0.007731,1.01495,0.00784657845
2015-05-05,0.007899,1.015988,0.008025289211999999
2015-05-06,0.007947,1.0165,0.008078125499999998
2015-05-07,0.007948,1.017007,0.008083171636
2015-05-08,0.007962,1.017509,0.008101406658
2015-05-09,0.008072,1.018007,0.008217352504
2015-05-10,0.00812,1.018499,0.008270211880000001
2015-05-11,0.008231,1.018986,0.008387273766
2015-05-12,0.008338,1.019467,0.008500315845999999
2015-05-13,0.008413,1.019943,0.008580780459
2015-05-14,0.008501,1.020413,0.008674530913
2015-05-15,0.008527,1.020876,0.008705009651999999
2015-05-16,0.008558,1.021334,0.008740576372
2015-05-17,0.008465,1.021785,0.008649410025
2015-05-18,0.008361,1.02223,0.00854686503
2015-05-19,0.008266,1.022669,0.008453381954000002
2015-05-20,0.008097,1.023101,0.008284048797000001
2015-05-21,0.007749,1.023525,0.007931295225
2015-05-22,0.007607,1.023943,0.007789134401
2015-05-23,0.007458,1.024354,0.007639632132
2015-05-24,0.007329,1.024757,0.007510444052999999
2015-05-25,0.007195,1.025153,0.007375975835
2015-05-26,0.007136,1.025542,0.007318267712
2015-05-27,0.007052,1.025923,0.007234808995999999
2015-05-28,0.007073,1.026296,0.007258991608000001
2015-05-29,0.007032,1.026661,0.007219480152000001
2015-05-30,0.007045,1.027018,0.0072353418099999995
2015-05-31,0.007095,1.027367,0.007289168864999999
2015-06-01,0.007192,1.027708,0.007391275936
2015-06-02,0.007328,1.02804,0.007533477120000001
2015-06-03,0.007415,1.028364,0.00762531906
2015-06-04,0.00746,1.028679,0.007673945339999999
2015-06-05,0.007529,1.028986,0.007747235594
2015-06-06,0.007711,1.029284,0.007936808924
2015-06-07,0.007878,1.029572,0.008110968215999999
2015-06-08,0.007951,1.029852,0.008188353252
2015-06-09,0.008053,1.030123,0.008295580518999998
2015-06-10,0.008142,1.030385,0.008389394670000001
2015-06-11,0.008234,1.030637,0.008486265058
2015-06-12,0.008229,1.03088,0.008483111520000001
2015-06-13,0.008066,1.031113,0.008316957458
2015-06-14,0.007944,1.031337,0.008192941128
2015-06-15,0.007849,1.031552,0.008096651648
2015-06-16,0.007708,1.031757,0.007952782956
2015-06-17,0.007645,1.031952,0.00788927304
2015-06-18,0.007722,1.032137,0.007970161914
2015-06-19,0.007655,1.032312,0.00790234836
2015-06-20,0.007571,1.032477,0.007816883367
2015-06-21,0.007462,1.032633,0.007705507445999999
2015-06-22,0.007387,1.032778,0.0076291310860000005
2015-06-23,0.007165,1.032914,0.007400828810000001
2015-06-24,0.006983,1.033039,0.007213711337
2015-06-25,0.006937,1.033154,0.007166989297999999
2015-06-26,0.006791,1.033259,0.007016861869
2015-06-27,0.006744,1.033353,0.006968932632
2015-06-28,0.006749,1.033438,0.006974673062
2015-06-29,0.006837,1.033512,0.007066121544
2015-06-30,0.007018,1.033575,0.00725362935
2015-07-01,0.007161,1.033628,0.0074018101079999996
2015-07-02,0.00732,1.033671,0.0075664717200000006
2015-07-03,0.007528,1.033704,0.007781723712
2015-07-04,0.007712,1.033726,0.007972094911999999
2015-07-05,0.007863,1.033738,0.008128281894
2015-07-06,0.008071,1.033739,0.008343307469
2015-07-07,0.008172,1.03373,0.00844764156
2015-07-08,0.008172,1.033711,0.008447486292000001
2015-07-09,0.008023,1.033681,0.008293222663000002
2015-07-10,0.007925,1.03364,0.008191596999999998
2015-07-11,0.007804,1.03359,0.00806613636
2015-07-12,0.007685,1.033529,0.007942670365
2015-07-13,0.007631,1.033457,0.007886310367
2015-07-14,0.007566,1.033376,0.007818522816
2015-07-15,0.007516,1.033284,0.0077661625440000005
2015-07-16,0.007479,1.033182,0.0077271681780000006
2015-07-17,0.007434,1.033069,0.007679834946
2015-07-18,0.007357,1.032947,0.007599391079000001
2015-07-19,0.007304,1.032814,0.007543673455999999
2015-07-20,0.00716,1.032671,0.007393924359999999
2015-07-21,0.007072,1.032518,0.007301967296000001
2015-07-22,0.006948,1.032355,0.007172802539999999
2015-07-23,0.006819,1.032183,0.007038455877000001
2015-07-24,0.006759,1.032,0.0069752880000000005
2015-07-25,0.006721,1.031807,0.006934774847
2015-07-26,0.006752,1.031605,0.006965396960000001
2015-07-27,0.006886,1.031393,0.0071021721979999996
2015-07-28,0.007021,1.031172,0.007239858612
2015-07-29,0.007203,1.030941,0.007425868023000001
2015-07-30,0.007387,1.0307,0.0076137808999999996
2015-07-31,0.007462,1.03045,0.007689217900000001
2015-08-01,0.007547,1.030191,0.007774851477
2015-08-02,0.007587,1.029922,0.007814018214
2015-08-03,0.007681,1.029645,0.007908703244999999
2015-08-04,0.007662,1.029358,0.007886940996
2015-08-05,0.00764,1.029063,0.00786204132
2015-08-06,0.007606,1.028759,0.007824740953999999
2015-08-07,0.007565,1.028446,0.00778019399
2015-08-08,0.007459,1.028124,0.007668776916
2015-08-09,0.007341,1.027794,0.007545035754000001
2015-08-10,0.007292,1.027455,0.00749220186
2015-08-11,0.007279,1.027108,0.007476319131999999
2015-08-12,0.007269,1.026753,0.0074634675570000005
2015-08-13,0.00722,1.02639,0.0074105358
2015-08-14,0.007147,1.026019,0.007332957793
2015-08-15,0.007048,1.02564,0.00722871072
2015-08-16,0.006947,1.025254,0.007122439538000001
2015-08-17,0.006908,1.024859,0.007079725972
2015-08-18,0.00681,1.024458,0.00697655898
2015-08-19,0.006817,1.024049,0.006980942033
2015-08-20,0.006865,1.023633,0.007027240545
2015-08-21,0.006935,1.02321,0.00709596135
2015-08-22,0.007034,1.02278,0.00719423452
2015-08-23,0.007072,1.022343,0.007230009696000001
2015-08-24,0.007109,1.0219,0.0072646871
2015-08-25,0.007131,1.02145,0.00728395995
2015-08-26,0.007205,1.020994,0.007356261769999999
2015-08-27,0.007187,1.020532,0.0073345634839999995
2015-08-28,0.007147,1.020064,0.007290397408000001
2015-08-29,0.007153,1.019589,0.007293120117
2015-08-30,0.007112,1.01911,0.00724791032
2015-08-31,0.007162,1.018624,0.007295385087999999
2015-09-01,0.007162,1.018133,0.0072918685459999995
2015-09-02,0.007164,1.017637,0.0072903514679999995
2015-09-03,0.007126,1.017136,0.007248111136000001
2015-09-04,0.007139,1.01663,0.007257721569999999
2015-09-05,0.007059,1.016119,0.007172784021
2015-09-06,0.007043,1.015604,0.007152898971999999
2015-09-07,0.006976,1.015084,0.007081225984000001
2015-09-09,0.006844,1.014031,0.006940028163999999
2015-09-10,0.006796,1.013499,0.0068877392039999995
2015-09-11,0.006837,1.012963,0.006925628031000001
2015-09-12,0.006796,1.012423,0.006880426708
2015-09-13,0.006779,1.01188,0.006859534519999999
2015-09-14,0.006815,1.011334,0.0068922412099999995
2015-09-15,0.006859,1.010784,0.006932967455999999
2015-09-16,0.006899,1.010232,0.006969590568
2015-09-17,0.006962,1.009676,0.007029364312
2015-09-18,0.007003,1.009119,0.007066860357
2015-09-19,0.007112,1.008558,0.007172864496000001
2015-09-20,0.007226,1.007996,0.007283779095999999
2015-09-21,0.00723,1.007432,0.007283733360000001
2015-09-22,0.007296,1.006865,0.007346087039999999
2015-09-23,0.007329,1.006297,0.007375150713
2015-09-24,0.007335,1.005727,0.0073770075450000005
2015-09-25,0.007412,1.005156,0.007450216272
2015-09-26,0.007382,1.004584,0.007415839087999999
2015-09-27,0.007472,1.00401,0.007501962720000001
2015-09-28,0.007555,1.003436,0.00758095898
2015-09-29,0.007504,1.002861,0.007525468944
2015-09-30,0.007352,1.002286,0.007368806672
2015-10-01,0.007144,1.00171,0.007156216240000001
2015-10-02,0.006999,1.001134,0.007006936866
2015-10-03,0.006899,1.000558,0.006902849642
2015-10-04,0.006805,0.999982,0.0068048775100000005
2015-10-05,0.006703,0.999407,0.006699025121
2015-10-06,0.006628,0.998832,0.006620258496
2015-10-07,0.006568,0.998258,0.006556558544
2015-10-08,0.006495,0.997684,0.00647995758
2015-10-09,0.006516,0.997112,0.006497181792
2015-10-10,0.006501,0.996541,0.006478513041
2015-10-11,0.006629,0.995971,0.006602291759000001
2015-10-12,0.006695,0.995402,0.006664216390000001
2015-10-13,0.006739,0.994836,0.006704199804
2015-10-14,0.006827,0.994271,0.006787888117
2015-10-15,0.006941,0.993708,0.006897327228000001
2015-10-16,0.00711,0.993147,0.00706127517
2015-10-17,0.007293,0.992589,0.007238951577
2015-10-18,0.007525,0.992033,0.007465048325
2015-10-19,0.007673,0.99148,0.00760762604
2015-10-20,0.007806,0.990929,0.007735191773999999
2015-10-21,0.007875,0.990382,0.00779925825
2015-10-22,0.007897,0.989837,0.007816742788999999
2015-10-23,0.007821,0.989296,0.007737284016
2015-10-24,0.007723,0.988759,0.007636185757
2015-10-25,0.007602,0.988225,0.0075124864500000004
2015-10-26,0.007393,0.987694,0.007302021742
2015-10-27,0.007237,0.987168,0.007144134816000001
2015-10-28,0.007155,0.986645,0.007059444975
2015-10-29,0.00702,0.986127,0.00692261154
2015-10-30,0.006907,0.985613,0.0068076289909999995
2015-10-31,0.00679,0.985103,0.00668884937
2015-11-01,0.006926,0.984598,0.006819325748
2015-11-02,0.006902,0.984098,0.006792244396
2015-11-03,0.006871,0.983603,0.006758336213000001
2015-11-04,0.006918,0.983112,0.006801168816
2015-11-05,0.006893,0.982627,0.006773247911
2015-11-06,0.006969,0.982147,0.0068445824430000005
2015-11-07,0.007023,0.981672,0.006894282456
2015-11-08,0.007006,0.981203,0.006874308218
2015-11-09,0.007055,0.98074,0.006919120699999999
2015-11-10,0.007086,0.980282,0.006946278252
2015-11-11,0.00712,0.97983,0.0069763896
2015-11-12,0.007251,0.979385,0.007101520635
2015-11-13,0.007413,0.978945,0.007256919285
2015-11-14,0.007557,0.978512,0.007394615184
2015-11-15,0.00768,0.978085,0.0075116928
2015-11-16,0.007704,0.977664,0.007531923455999999
2015-11-17,0.00766,0.977251,0.00748574266
2015-11-18,0.007643,0.976844,0.007466018692
2015-11-19,0.007651,0.976443,0.007470765393
2015-11-20,0.007701,0.97605,0.00751656105
2015-11-21,0.007684,0.975664,0.007497002175999999
2015-11-22,0.007594,0.975284,0.007406306696
2015-11-23,0.007418,0.974912,0.007231897216
2015-11-24,0.007267,0.974548,0.007082040316
2015-11-25,0.007214,0.974191,0.007027813874
2015-11-26,0.007223,0.973841,0.007034053543
2015-11-27,0.007166,0.973499,0.006976093833999999
2015-11-28,0.007177,0.973165,0.006984405205
2015-11-29,0.007165,0.972838,0.00697038427
2015-11-30,0.007117,0.972519,0.006921417723
2015-12-01,0.007051,0.972209,0.006855045659
2015-12-02,0.006998,0.971906,0.006801398188
2015-12-03,0.006935,0.971611,0.006738122285
2015-12-04,0.006904,0.971325,0.0067060278
2015-12-05,0.006883,0.971047,0.006683716501
2015-12-06,0.006931,0.970777,0.006728455386999999
2015-12-07,0.006953,0.970516,0.006747997748
2015-12-08,0.007087,0.970263,0.006876253881
2015-12-09,0.007248,0.970018,0.007030690464000001
2015-12-10,0.007428,0.969783,0.007203548123999999
2015-12-11,0.007587,0.969555,0.007356013785
2015-12-12,0.007702,0.969337,0.007465833573999999
2015-12-13,0.007808,0.969127,0.007566943616
2015-12-14,0.007797,0.968927,0.007554723819
2015-12-15,0.007677,0.968735,0.007436978595
2015-12-16,0.00771,0.968552,0.00746753592
2015-12-17,0.007603,0.968378,0.007362577934
2015-12-18,0.007584,0.968213,0.007342927391999999
2015-12-19,0.007539,0.968057,0.007298181722999999
2015-12-20,0.007474,0.96791,0.00723415934
2015-12-21,0.007505,0.967773,0.007263136365000001
2015-12-22,0.007508,0.967644,0.007265071152
2015-12-23,0.007492,0.967525,0.0072486973
2015-12-24,0.007438,0.967415,0.00719563277
2015-12-25,0.007364,0.967314,0.007123300296
2015-12-26,0.007327,0.967222,0.007086835594000001
2015-12-27,0.007354,0.96714,0.00711234756
2015-12-28,0.007367,0.967067,0.007124382589
2015-12-29,0.007225,0.967004,0.006986603899999999
2015-12-30,0.007185,0.96695,0.00694753575
2015-12-31,0.007092,0.966905,0.00685729026
2016-01-01,0.00702,0.966862,0.00678737124
2016-01-02,0.006918,0.966839,0.006688592201999999
2016-01-03,0.006894,0.966825,0.006665291550000001
2016-01-04,0.006911,0.96682,0.00668169302
2016-01-05,0.007052,0.966825,0.0068180499
2016-01-06,0.007283,0.966839,0.007041488437000001
2016-01-07,0.007411,0.966862,0.007165414282
2016-01-08,0.00756,0.966895,0.007309726199999999
2016-01-09,0.007643,0.966938,0.007390307133999999
2016-01-10,0.00767,0.966989,0.0074168056299999995
2016-01-11,0.007682,0.96705,0.0074288780999999995
2016-01-12,0.007627,0.967121,0.007376231867
2016-01-13,0.007608,0.967201,0.007358465208
2016-01-14,0.007554,0.96729,0.00730690866
2016-01-15,0.007532,0.967388,0.007286366416
2016-01-16,0.007465,0.967496,0.0072223576400000005
2016-01-17,0.007395,0.967613,0.007155498135
2016-01-18,0.007363,0.967739,0.007125462257
2016-01-19,0.007376,0.967874,0.007139038624
2016-01-20,0.007409,0.968019,0.007172052771
2016-01-21,0.007379,0.968172,0.007144141188000001
2016-01-22,0.00732,0.968335,0.0070882122
2016-01-23,0.00733,0.968506,0.00709914898
2016-01-24,0.007428,0.968687,0.007195407036
2016-01-25,0.00742,0.968877,0.00718906734
2016-01-26,0.007416,0.969075,0.0071866602
2016-01-27,0.007373,0.969283,0.007146523559
2016-01-28,0.007347,0.969499,0.007122909153
2016-01-29,0.007311,0.969724,0.007089652164
2016-01-30,0.007202,0.969957,0.006985630314
2016-01-31,0.007177,0.970199,0.006963118223
2016-02-01,0.007298,0.97045,0.0070823441
2016-02-02,0.007419,0.970709,0.007201690071
2016-02-03,0.007653,0.970977,0.007430886981
2016-02-04,0.007851,0.971253,0.0076253073030000005
2016-02-05,0.007871,0.971537,0.0076469677269999994
2016-02-06,0.007944,0.97183,0.007720217519999999
2016-02-07,0.007911,0.97213,0.00769052043
2016-02-08,0.007902,0.972439,0.007684212978
2016-02-09,0.007954,0.972756,0.007737301223999999
2016-02-10,0.007875,0.97308,0.007663005
2016-02-11,0.007872,0.973413,0.007662707136000001
2016-02-12,0.00783,0.973753,0.00762448599
2016-02-13,0.00774,0.9741,0.007539534
2016-02-14,0.007682,0.974456,0.007485770992
2016-02-15,0.007615,0.974818,0.00742323907
2016-02-16,0.007459,0.975188,0.007273927292000001
2016-02-17,0.007458,0.975566,0.007275771228
2016-02-18,0.007373,0.97595,0.00719567935
2016-02-19,0.007444,0.976342,0.0072678898480000005
2016-02-20,0.007478,0.97674,0.00730406172
2016-02-21,0.007443,0.977146,0.007272897677999999
2016-02-22,0.007378,0.977558,0.007212422924
2016-02-23,0.007415,0.977977,0.007251699455
2016-02-24,0.007356,0.978402,0.007197125112
2016-02-25,0.007265,0.978834,0.007111229009999999
2016-02-26,0.007243,0.979272,0.007092867096000001
2016-02-27,0.007267,0.979716,0.007119596172
2016-02-28,0.007324,0.980166,0.007178735784
2016-02-29,0.007365,0.980622,0.0072222810299999995
2016-03-01,0.007505,0.981084,0.0073630354200000005
2016-03-02,0.007617,0.981552,0.0074764815839999995
2016-03-03,0.007701,0.982025,0.007562574525000001
2016-03-04,0.007795,0.982503,0.007658610885
2016-03-05,0.007733,0.982987,0.007601438471000001
2016-03-06,0.007793,0.983477,0.007664236261
2016-03-07,0.00776,0.983971,0.007635614960000001
2016-03-08,0.007761,0.98447,0.007640471669999999
2016-03-09,0.007548,0.984973,0.007434576204
2016-03-13,0.007266,0.987034,0.007171789043999999
2016-03-14,0.007212,0.987559,0.007122275508
2016-03-15,0.007192,0.988088,0.007106328895999999
2016-03-16,0.007213,0.988622,0.0071309304859999995
2016-03-17,0.007269,0.989158,0.007190189502
2016-03-18,0.007229,0.989699,0.007154534071
2016-03-19,0.00723,0.990242,0.00715944966
2016-03-20,0.007161,0.990789,0.007095040029
2016-03-21,0.007163,0.991339,0.007100961257
2016-03-22,0.007107,0.991891,0.007049369337
2016-03-23,0.007085,0.992446,0.007031479910000001
2016-03-24,0.007059,0.993004,0.007009615236
2016-03-25,0.007086,0.993564,0.007040394504
2016-03-26,0.007098,0.994126,0.0070563063479999995
2016-03-27,0.007151,0.994691,0.007113035341
2016-03-28,0.007173,0.995257,0.007138978460999999
2016-03-29,0.007125,0.995825,0.007095253125
2016-03-30,0.007143,0.996395,0.007117249485
2016-03-31,0.007173,0.996965,0.0071512299449999995
2016-04-01,0.007213,0.997538,0.007195241594
2016-04-02,0.007182,0.998111,0.007168433202
2016-04-03,0.007181,0.998685,0.007171556985
2016-04-04,0.007201,0.99926,0.0071956712600000005
2016-04-05,0.007159,0.999835,0.007157818765000001
2016-04-06,0.007006,1.000411,0.007008879466
2016-04-07,0.006851,1.000987,0.006857761937000001
2016-04-08,0.006869,1.001563,0.006879736247
2016-04-09,0.006887,1.002138,0.006901724406
2016-04-10,0.006937,1.002714,0.006955827018
2016-04-11,0.006931,1.003289,0.006953796059
2016-04-12,0.006999,1.003863,0.007026037137
2016-04-13,0.007065,1.004437,0.007096347405
2016-04-14,0.007133,1.00501,0.007168736329999999
2016-04-15,0.007138,1.005581,0.0071778371780000004
2016-04-16,0.007101,1.006151,0.007144678251
2016-04-17,0.007024,1.00672,0.007071201280000001
2016-04-18,0.00699,1.007287,0.00704093613
2016-04-19,0.006849,1.007852,0.0069027783479999995
2016-04-20,0.006718,1.008415,0.006774531970000001
2016-04-21,0.006617,1.008976,0.0066763941920000005
2016-04-22,0.006637,1.009534,0.0067002771579999995
2016-04-23,0.006665,1.01009,0.006732249849999999
2016-04-24,0.00672,1.010643,0.00679152096
2016-04-25,0.006773,1.011193,0.006848810189000001
2016-04-26,0.006828,1.01174,0.006908160720000001
2016-04-27,0.006954,1.012284,0.007039422936
2016-04-28,0.007027,1.012825,0.007117121275000001
2016-04-29,0.007078,1.013362,0.007172576236000001
2016-04-30,0.007121,1.013895,0.007219946295
2016-05-01,0.007134,1.014425,0.007236907949999999
2016-05-02,0.007162,1.01495,0.0072690719
2016-05-03,0.007163,1.015471,0.007273818773
2016-05-04,0.007118,1.015988,0.007231802583999999
2016-05-05,0.007072,1.0165,0.0071886879999999995
2016-05-06,0.007038,1.017007,0.007157695266
2016-05-07,0.007038,1.017509,0.007161228342
2016-05-08,0.007047,1.018007,0.007173895329000001
2016-05-09,0.007104,1.018499,0.0072354168960000005
2016-05-10,0.007188,1.018986,0.007324471367999999
2016-05-11,0.007206,1.019467,0.007346279201999999
2016-05-12,0.007204,1.019943,0.0073476693720000005
2016-05-13,0.007289,1.020413,0.007437790357
2016-05-14,0.007348,1.020876,0.007501396848
2016-05-15,0.007438,1.021334,0.007596682292
2016-05-16,0.00734,1.021785,0.0074999019
2016-06-09,0.006927,1.030385,0.0071374768950000006
2016-06-10,0.006766,1.030637,0.006973289942
2016-06-11,0.006802,1.03088,0.00701204576
2016-06-12,0.006853,1.031113,0.007066217388999999
2016-06-13,0.00685,1.031337,0.00706465845
2016-06-14,0.006933,1.031552,0.007151750016
2016-06-15,0.006897,1.031757,0.007116028029
2016-06-16,0.006759,1.031952,0.006974963568
2016-06-17,0.006862,1.032137,0.007082524094
2016-06-18,0.006895,1.032312,0.007117791239999999
2016-06-19,0.006895,1.032477,0.007118928915
2016-06-20,0.00684,1.032633,0.007063209719999999
2016-06-21,0.006785,1.032778,0.00700739873
2016-06-22,0.006637,1.032914,0.006855450218000001
2016-06-23,0.00655,1.033039,0.0067664054500000004
2016-06-24,0.00647,1.033154,0.006684506379999999
2016-06-25,0.006481,1.033259,0.006696551578999999
2016-06-26,0.006456,1.033353,0.006671326968
2016-06-27,0.006484,1.033438,0.0067008119920000005
2016-06-28,0.006484,1.033512,0.006701291808
2016-06-29,0.006502,1.033575,0.006720304649999999
2016-06-30,0.006507,1.033628,0.0067258173959999995
2016-07-01,0.006527,1.033671,0.006746770617
2016-07-02,0.006533,1.033704,0.006753188231999999
2016-07-03,0.006567,1.033726,0.006788478642
2016-07-04,0.006526,1.033738,0.006746174188
2016-07-05,0.006528,1.033739,0.006748248191999999
2016-07-06,0.006519,1.03373,0.00673888587
2016-07-07,0.006571,1.033711,0.0067925149809999995
2016-07-08,0.006576,1.033681,0.006797486256000001
2016-07-09,0.006645,1.03364,0.0068685377999999995
2016-07-10,0.006741,1.03359,0.006967430189999999
2016-07-11,0.006866,1.033529,0.007096210113999999
2016-07-12,0.006983,1.033457,0.007216630231
2016-07-13,0.007019,1.033376,0.007253266144000001
2016-07-14,0.007113,1.033284,0.007349749092000001
2016-07-15,0.007191,1.033182,0.0074296117620000005
2016-07-16,0.007151,1.033069,0.007387476419
2016-07-17,0.007135,1.032947,0.007370076845
2016-07-18,0.007064,1.032814,0.007295798096
2016-07-19,0.006934,1.032671,0.007160540714
2016-07-20,0.006828,1.032518,0.007050032904
2016-07-21,0.006686,1.032355,0.00690232553
2016-07-22,0.006547,1.032183,0.006757702101
2016-07-23,0.006481,1.032,0.006688392
2016-07-24,0.00635,1.031807,0.006551974449999999
2016-07-25,0.006345,1.031605,0.006545533725
2016-07-26,0.006344,1.031393,0.006543157192
2016-07-27,0.006343,1.031172,0.0065407239959999995
2016-07-28,0.006372,1.030941,0.006569156052000001
2016-07-29,0.006427,1.0307,0.0066243089000000005
2016-07-30,0.00643,1.03045,0.0066257935
2016-07-31,0.006452,1.030191,0.006646792332000001
2016-08-01,0.006444,1.029922,0.006636817368
